Optimizer,Epoch,Learning Rate,Accuracy
Adagrad,1,0.0001,0.1006999984383583
Adagrad,2,0.0001,0.10080000013113022
Adagrad,3,0.0001,0.1014999970793724
Adagrad,4,0.0001,0.10589999705553055
Adagrad,5,0.0001,0.11800000071525574
Adagrad,6,0.0001,0.13099999725818634
Adagrad,7,0.0001,0.14239999651908875
Adagrad,8,0.0001,0.14949999749660492
Adagrad,9,0.0001,0.15559999644756317
Adagrad,10,0.0001,0.16210000216960907
Adagrad,11,0.0001,0.1679999977350235
Adagrad,12,0.0001,0.17260000109672546
Adagrad,13,0.0001,0.17730000615119934
Adagrad,14,0.0001,0.18490000069141388
Adagrad,15,0.0001,0.19220000505447388
Adagrad,16,0.0001,0.20229999721050262
Adagrad,17,0.0001,0.21629999577999115
Adagrad,18,0.0001,0.23340000212192535
Adagrad,19,0.0001,0.250900000333786
Adagrad,20,0.0001,0.2696000039577484
Adagrad,21,0.0001,0.29010000824928284
Adagrad,22,0.0001,0.3068000078201294
Adagrad,23,0.0001,0.3246000111103058
Adagrad,24,0.0001,0.3513000011444092
Adagrad,25,0.0001,0.374099999666214
Adagrad,26,0.0001,0.38850000500679016
Adagrad,27,0.0001,0.4016999900341034
Adagrad,28,0.0001,0.41100001335144043
Adagrad,29,0.0001,0.4203000068664551
Adagrad,30,0.0001,0.42660000920295715
Adagrad,31,0.0001,0.43290001153945923
Adagrad,32,0.0001,0.43630000948905945
Adagrad,33,0.0001,0.4390999972820282
Adagrad,34,0.0001,0.44190001487731934
Adagrad,35,0.0001,0.4456000030040741
Adagrad,36,0.0001,0.44850000739097595
Adagrad,37,0.0001,0.45159998536109924
Adagrad,38,0.0001,0.4521999955177307
Adagrad,39,0.0001,0.45239999890327454
Adagrad,40,0.0001,0.4564000070095062
Adagrad,1,0.0002,0.11079999804496765
Adagrad,2,0.0002,0.13950000703334808
Adagrad,3,0.0002,0.2337000072002411
Adagrad,4,0.0002,0.3231000006198883
Adagrad,5,0.0002,0.37860000133514404
Adagrad,6,0.0002,0.40700000524520874
Adagrad,7,0.0002,0.4316999912261963
Adagrad,8,0.0002,0.45500001311302185
Adagrad,9,0.0002,0.46230000257492065
Adagrad,10,0.0002,0.4724000096321106
Adagrad,11,0.0002,0.47780001163482666
Adagrad,12,0.0002,0.47620001435279846
Adagrad,13,0.0002,0.4781000018119812
Adagrad,14,0.0002,0.4788999855518341
Adagrad,15,0.0002,0.48190000653266907
Adagrad,16,0.0002,0.4855000078678131
Adagrad,17,0.0002,0.4959999918937683
Adagrad,18,0.0002,0.49939998984336853
Adagrad,19,0.0002,0.5059000253677368
Adagrad,20,0.0002,0.5134999752044678
Adagrad,21,0.0002,0.5238999724388123
Adagrad,22,0.0002,0.5382999777793884
Adagrad,23,0.0002,0.5478000044822693
Adagrad,24,0.0002,0.557699978351593
Adagrad,25,0.0002,0.5586000084877014
Adagrad,26,0.0002,0.5648000240325928
Adagrad,27,0.0002,0.5687999725341797
Adagrad,28,0.0002,0.5758000016212463
Adagrad,29,0.0002,0.5819000005722046
Adagrad,30,0.0002,0.5909000039100647
Adagrad,31,0.0002,0.5932000279426575
Adagrad,32,0.0002,0.6000999808311462
Adagrad,33,0.0002,0.6018999814987183
Adagrad,34,0.0002,0.6051999926567078
Adagrad,35,0.0002,0.6064000129699707
Adagrad,36,0.0002,0.6089000105857849
Adagrad,37,0.0002,0.6126000285148621
Adagrad,38,0.0002,0.6155999898910522
Adagrad,39,0.0002,0.6190000176429749
Adagrad,40,0.0002,0.6190999746322632
Adagrad,1,0.00030000000000000003,0.09380000084638596
Adagrad,2,0.00030000000000000003,0.11949999630451202
Adagrad,3,0.00030000000000000003,0.19030000269412994
Adagrad,4,0.00030000000000000003,0.2418999969959259
Adagrad,5,0.00030000000000000003,0.2793999910354614
Adagrad,6,0.00030000000000000003,0.30079999566078186
Adagrad,7,0.00030000000000000003,0.3411000072956085
Adagrad,8,0.00030000000000000003,0.36500000953674316
Adagrad,9,0.00030000000000000003,0.38929998874664307
Adagrad,10,0.00030000000000000003,0.41999998688697815
Adagrad,11,0.00030000000000000003,0.4521999955177307
Adagrad,12,0.00030000000000000003,0.4666000008583069
Adagrad,13,0.00030000000000000003,0.4767000079154968
Adagrad,14,0.00030000000000000003,0.47839999198913574
Adagrad,15,0.00030000000000000003,0.4936999976634979
Adagrad,16,0.00030000000000000003,0.4973999857902527
Adagrad,17,0.00030000000000000003,0.5267000198364258
Adagrad,18,0.00030000000000000003,0.5461999773979187
Adagrad,19,0.00030000000000000003,0.5598999857902527
Adagrad,20,0.00030000000000000003,0.5633999705314636
Adagrad,21,0.00030000000000000003,0.5910000205039978
Adagrad,22,0.00030000000000000003,0.5932000279426575
Adagrad,23,0.00030000000000000003,0.6057999730110168
Adagrad,24,0.00030000000000000003,0.6126999855041504
Adagrad,25,0.00030000000000000003,0.6179999709129333
Adagrad,26,0.00030000000000000003,0.6227999925613403
Adagrad,27,0.00030000000000000003,0.6233999729156494
Adagrad,28,0.00030000000000000003,0.6306999921798706
Adagrad,29,0.00030000000000000003,0.6355000138282776
Adagrad,30,0.00030000000000000003,0.6385999917984009
Adagrad,31,0.00030000000000000003,0.6434999704360962
Adagrad,32,0.00030000000000000003,0.6435999870300293
Adagrad,33,0.00030000000000000003,0.6452000141143799
Adagrad,34,0.00030000000000000003,0.6516000032424927
Adagrad,35,0.00030000000000000003,0.6568999886512756
Adagrad,36,0.00030000000000000003,0.6585999727249146
Adagrad,37,0.00030000000000000003,0.6603999733924866
Adagrad,38,0.00030000000000000003,0.6658999919891357
Adagrad,39,0.00030000000000000003,0.6669999957084656
Adagrad,40,0.00030000000000000003,0.6689000129699707
Adagrad,1,0.0004,0.19750000536441803
Adagrad,2,0.0004,0.3010999858379364
Adagrad,3,0.0004,0.3312000036239624
Adagrad,4,0.0004,0.4138000011444092
Adagrad,5,0.0004,0.43849998712539673
Adagrad,6,0.0004,0.4471000134944916
Adagrad,7,0.0004,0.4749000072479248
Adagrad,8,0.0004,0.4975000023841858
Adagrad,9,0.0004,0.5242000222206116
Adagrad,10,0.0004,0.5383999943733215
Adagrad,11,0.0004,0.5407000184059143
Adagrad,12,0.0004,0.5580999851226807
Adagrad,13,0.0004,0.5748999714851379
Adagrad,14,0.0004,0.5703999996185303
Adagrad,15,0.0004,0.5900999903678894
Adagrad,16,0.0004,0.5928000211715698
Adagrad,17,0.0004,0.5983999967575073
Adagrad,18,0.0004,0.6100999712944031
Adagrad,19,0.0004,0.6186000108718872
Adagrad,20,0.0004,0.6191999912261963
Adagrad,21,0.0004,0.6299999952316284
Adagrad,22,0.0004,0.6463000178337097
Adagrad,23,0.0004,0.6453999876976013
Adagrad,24,0.0004,0.6442999839782715
Adagrad,25,0.0004,0.6514999866485596
Adagrad,26,0.0004,0.6567000150680542
Adagrad,27,0.0004,0.6620000004768372
Adagrad,28,0.0004,0.6656000018119812
Adagrad,29,0.0004,0.6705999970436096
Adagrad,30,0.0004,0.6732000112533569
Adagrad,31,0.0004,0.6753000020980835
Adagrad,32,0.0004,0.6796000003814697
Adagrad,33,0.0004,0.6800000071525574
Adagrad,34,0.0004,0.6815000176429749
Adagrad,35,0.0004,0.6825000047683716
Adagrad,36,0.0004,0.6866000294685364
Adagrad,37,0.0004,0.6875
Adagrad,38,0.0004,0.692300021648407
Adagrad,39,0.0004,0.6899999976158142
Adagrad,40,0.0004,0.6942999958992004
Adagrad,1,0.0005,0.31299999356269836
Adagrad,2,0.0005,0.421099990606308
Adagrad,3,0.0005,0.4864000082015991
Adagrad,4,0.0005,0.5277000069618225
Adagrad,5,0.0005,0.5584999918937683
Adagrad,6,0.0005,0.5699999928474426
Adagrad,7,0.0005,0.586899995803833
Adagrad,8,0.0005,0.5910000205039978
Adagrad,9,0.0005,0.5982999801635742
Adagrad,10,0.0005,0.6140999794006348
Adagrad,11,0.0005,0.6212000250816345
Adagrad,12,0.0005,0.6229000091552734
Adagrad,13,0.0005,0.6319000124931335
Adagrad,14,0.0005,0.6348000168800354
Adagrad,15,0.0005,0.6305999755859375
Adagrad,16,0.0005,0.6378999948501587
Adagrad,17,0.0005,0.6394000053405762
Adagrad,18,0.0005,0.6473000049591064
Adagrad,19,0.0005,0.6506999731063843
Adagrad,20,0.0005,0.6492000222206116
Adagrad,21,0.0005,0.6589000225067139
Adagrad,22,0.0005,0.6581000089645386
Adagrad,23,0.0005,0.659600019454956
Adagrad,24,0.0005,0.6628999710083008
Adagrad,25,0.0005,0.6646999716758728
Adagrad,26,0.0005,0.6704000234603882
Adagrad,27,0.0005,0.6711000204086304
Adagrad,28,0.0005,0.6725000143051147
Adagrad,29,0.0005,0.6744999885559082
Adagrad,30,0.0005,0.6783000230789185
Adagrad,31,0.0005,0.679099977016449
Adagrad,32,0.0005,0.6837000250816345
Adagrad,33,0.0005,0.6872000098228455
Adagrad,34,0.0005,0.6873999834060669
Adagrad,35,0.0005,0.6909000277519226
Adagrad,36,0.0005,0.694100022315979
Adagrad,37,0.0005,0.6949999928474426
Adagrad,38,0.0005,0.6969000101089478
Adagrad,39,0.0005,0.6991999745368958
Adagrad,40,0.0005,0.6988000273704529
Adagrad,1,0.0006000000000000001,0.12470000237226486
Adagrad,2,0.0006000000000000001,0.30140000581741333
Adagrad,3,0.0006000000000000001,0.39629998803138733
Adagrad,4,0.0006000000000000001,0.5361999869346619
Adagrad,5,0.0006000000000000001,0.5651000142097473
Adagrad,6,0.0006000000000000001,0.5875999927520752
Adagrad,7,0.0006000000000000001,0.5943999886512756
Adagrad,8,0.0006000000000000001,0.6186000108718872
Adagrad,9,0.0006000000000000001,0.6207000017166138
Adagrad,10,0.0006000000000000001,0.6254000067710876
Adagrad,11,0.0006000000000000001,0.6322000026702881
Adagrad,12,0.0006000000000000001,0.6431000232696533
Adagrad,13,0.0006000000000000001,0.64410001039505
Adagrad,14,0.0006000000000000001,0.645799994468689
Adagrad,15,0.0006000000000000001,0.6484000086784363
Adagrad,16,0.0006000000000000001,0.6561999917030334
Adagrad,17,0.0006000000000000001,0.6554999947547913
Adagrad,18,0.0006000000000000001,0.6615999937057495
Adagrad,19,0.0006000000000000001,0.6636000275611877
Adagrad,20,0.0006000000000000001,0.6653000116348267
Adagrad,21,0.0006000000000000001,0.6680999994277954
Adagrad,22,0.0006000000000000001,0.6687999963760376
Adagrad,23,0.0006000000000000001,0.671999990940094
Adagrad,24,0.0006000000000000001,0.6729999780654907
Adagrad,25,0.0006000000000000001,0.6758000254631042
Adagrad,26,0.0006000000000000001,0.6773999929428101
Adagrad,27,0.0006000000000000001,0.679099977016449
Adagrad,28,0.0006000000000000001,0.6812000274658203
Adagrad,29,0.0006000000000000001,0.682699978351593
Adagrad,30,0.0006000000000000001,0.6858999729156494
Adagrad,31,0.0006000000000000001,0.6872000098228455
Adagrad,32,0.0006000000000000001,0.6909000277519226
Adagrad,33,0.0006000000000000001,0.6920999884605408
Adagrad,34,0.0006000000000000001,0.692799985408783
Adagrad,35,0.0006000000000000001,0.694100022315979
Adagrad,36,0.0006000000000000001,0.6966000199317932
Adagrad,37,0.0006000000000000001,0.6983000040054321
Adagrad,38,0.0006000000000000001,0.703000009059906
Adagrad,39,0.0006000000000000001,0.699400007724762
Adagrad,40,0.0006000000000000001,0.7032999992370605
Adagrad,1,0.0007000000000000001,0.3504999876022339
Adagrad,2,0.0007000000000000001,0.39160001277923584
Adagrad,3,0.0007000000000000001,0.47029998898506165
Adagrad,4,0.0007000000000000001,0.5309000015258789
Adagrad,5,0.0007000000000000001,0.552299976348877
Adagrad,6,0.0007000000000000001,0.5655999779701233
Adagrad,7,0.0007000000000000001,0.5874999761581421
Adagrad,8,0.0007000000000000001,0.59579998254776
Adagrad,9,0.0007000000000000001,0.6097000241279602
Adagrad,10,0.0007000000000000001,0.6205999851226807
Adagrad,11,0.0007000000000000001,0.616599977016449
Adagrad,12,0.0007000000000000001,0.6327999830245972
Adagrad,13,0.0007000000000000001,0.6341000199317932
Adagrad,14,0.0007000000000000001,0.6463000178337097
Adagrad,15,0.0007000000000000001,0.6485999822616577
Adagrad,16,0.0007000000000000001,0.6532999873161316
Adagrad,17,0.0007000000000000001,0.652400016784668
Adagrad,18,0.0007000000000000001,0.6672000288963318
Adagrad,19,0.0007000000000000001,0.6632999777793884
Adagrad,20,0.0007000000000000001,0.6705999970436096
Adagrad,21,0.0007000000000000001,0.6722000241279602
Adagrad,22,0.0007000000000000001,0.6743999719619751
Adagrad,23,0.0007000000000000001,0.6776999831199646
Adagrad,24,0.0007000000000000001,0.6832000017166138
Adagrad,25,0.0007000000000000001,0.6851000189781189
Adagrad,26,0.0007000000000000001,0.6863999962806702
Adagrad,27,0.0007000000000000001,0.6913999915122986
Adagrad,28,0.0007000000000000001,0.6908000111579895
Adagrad,29,0.0007000000000000001,0.6942999958992004
Adagrad,30,0.0007000000000000001,0.6959999799728394
Adagrad,31,0.0007000000000000001,0.6973000168800354
Adagrad,32,0.0007000000000000001,0.6969000101089478
Adagrad,33,0.0007000000000000001,0.7020999789237976
Adagrad,34,0.0007000000000000001,0.7028999924659729
Adagrad,35,0.0007000000000000001,0.7060999870300293
Adagrad,36,0.0007000000000000001,0.708899974822998
Adagrad,37,0.0007000000000000001,0.7095999717712402
Adagrad,38,0.0007000000000000001,0.7110999822616577
Adagrad,39,0.0007000000000000001,0.7124000191688538
Adagrad,40,0.0007000000000000001,0.7135999798774719
Adagrad,1,0.0008,0.2824999988079071
Adagrad,2,0.0008,0.4352000057697296
Adagrad,3,0.0008,0.5001000165939331
Adagrad,4,0.0008,0.5364999771118164
Adagrad,5,0.0008,0.5569000244140625
Adagrad,6,0.0008,0.5967000126838684
Adagrad,7,0.0008,0.6146000027656555
Adagrad,8,0.0008,0.629800021648407
Adagrad,9,0.0008,0.646399974822998
Adagrad,10,0.0008,0.6485999822616577
Adagrad,11,0.0008,0.6600000262260437
Adagrad,12,0.0008,0.6651999950408936
Adagrad,13,0.0008,0.667900025844574
Adagrad,14,0.0008,0.6764000058174133
Adagrad,15,0.0008,0.6816999912261963
Adagrad,16,0.0008,0.6816999912261963
Adagrad,17,0.0008,0.6904000043869019
Adagrad,18,0.0008,0.6927000284194946
Adagrad,19,0.0008,0.6953999996185303
Adagrad,20,0.0008,0.6976000070571899
Adagrad,21,0.0008,0.7008000016212463
Adagrad,22,0.0008,0.7042999863624573
Adagrad,23,0.0008,0.7063999772071838
Adagrad,24,0.0008,0.7087000012397766
Adagrad,25,0.0008,0.7120000123977661
Adagrad,26,0.0008,0.7110999822616577
Adagrad,27,0.0008,0.714900016784668
Adagrad,28,0.0008,0.7150999903678894
Adagrad,29,0.0008,0.7184000015258789
Adagrad,30,0.0008,0.7196000218391418
Adagrad,31,0.0008,0.7217000126838684
Adagrad,32,0.0008,0.7213000059127808
Adagrad,33,0.0008,0.7210000157356262
Adagrad,34,0.0008,0.7225000262260437
Adagrad,35,0.0008,0.7249000072479248
Adagrad,36,0.0008,0.7232999801635742
Adagrad,37,0.0008,0.7269999980926514
Adagrad,38,0.0008,0.7278000116348267
Adagrad,39,0.0008,0.7299000024795532
Adagrad,40,0.0008,0.7300999760627747
Adagrad,1,0.0009000000000000001,0.329800009727478
Adagrad,2,0.0009000000000000001,0.3937000036239624
Adagrad,3,0.0009000000000000001,0.5379999876022339
Adagrad,4,0.0009000000000000001,0.5889999866485596
Adagrad,5,0.0009000000000000001,0.6065000295639038
Adagrad,6,0.0009000000000000001,0.6118999719619751
Adagrad,7,0.0009000000000000001,0.6345999836921692
Adagrad,8,0.0009000000000000001,0.6409000158309937
Adagrad,9,0.0009000000000000001,0.6620000004768372
Adagrad,10,0.0009000000000000001,0.6583999991416931
Adagrad,11,0.0009000000000000001,0.6650000214576721
Adagrad,12,0.0009000000000000001,0.6735000014305115
Adagrad,13,0.0009000000000000001,0.6869999766349792
Adagrad,14,0.0009000000000000001,0.6901999711990356
Adagrad,15,0.0009000000000000001,0.6952000260353088
Adagrad,16,0.0009000000000000001,0.7014999985694885
Adagrad,17,0.0009000000000000001,0.7069000005722046
Adagrad,18,0.0009000000000000001,0.7059999704360962
Adagrad,19,0.0009000000000000001,0.7138000130653381
Adagrad,20,0.0009000000000000001,0.7124999761581421
Adagrad,21,0.0009000000000000001,0.7178999781608582
Adagrad,22,0.0009000000000000001,0.72079998254776
Adagrad,23,0.0009000000000000001,0.7228999733924866
Adagrad,24,0.0009000000000000001,0.7239999771118164
Adagrad,25,0.0009000000000000001,0.7258999943733215
Adagrad,26,0.0009000000000000001,0.7279000282287598
Adagrad,27,0.0009000000000000001,0.7293000221252441
Adagrad,28,0.0009000000000000001,0.7311000227928162
Adagrad,29,0.0009000000000000001,0.7322999835014343
Adagrad,30,0.0009000000000000001,0.733299970626831
Adagrad,31,0.0009000000000000001,0.7361999750137329
Adagrad,32,0.0009000000000000001,0.7350000143051147
Adagrad,33,0.0009000000000000001,0.7409999966621399
Adagrad,34,0.0009000000000000001,0.7414000034332275
Adagrad,35,0.0009000000000000001,0.7419000267982483
Adagrad,36,0.0009000000000000001,0.7426999807357788
Adagrad,37,0.0009000000000000001,0.7422000169754028
Adagrad,38,0.0009000000000000001,0.7452999949455261
Adagrad,39,0.0009000000000000001,0.7451000213623047
Adagrad,40,0.0009000000000000001,0.7468000054359436
Adagrad,1,0.001,0.27070000767707825
Adagrad,2,0.001,0.397599995136261
Adagrad,3,0.001,0.4805999994277954
Adagrad,4,0.001,0.5575000047683716
Adagrad,5,0.001,0.5978999733924866
Adagrad,6,0.001,0.6207000017166138
Adagrad,7,0.001,0.6442000269889832
Adagrad,8,0.001,0.6536999940872192
Adagrad,9,0.001,0.6547999978065491
Adagrad,10,0.001,0.6643999814987183
Adagrad,11,0.001,0.670799970626831
Adagrad,12,0.001,0.6777999997138977
Adagrad,13,0.001,0.6851999759674072
Adagrad,14,0.001,0.6905999779701233
Adagrad,15,0.001,0.6942999958992004
Adagrad,16,0.001,0.7020000219345093
Adagrad,17,0.001,0.7024000287055969
Adagrad,18,0.001,0.7077999711036682
Adagrad,19,0.001,0.7139999866485596
Adagrad,20,0.001,0.7110999822616577
Adagrad,21,0.001,0.714900016784668
Adagrad,22,0.001,0.7185999751091003
Adagrad,23,0.001,0.7190999984741211
Adagrad,24,0.001,0.7242000102996826
Adagrad,25,0.001,0.7251999974250793
Adagrad,26,0.001,0.7260000109672546
Adagrad,27,0.001,0.7268999814987183
Adagrad,28,0.001,0.7294999957084656
Adagrad,29,0.001,0.729200005531311
Adagrad,30,0.001,0.7319999933242798
Adagrad,31,0.001,0.7343000173568726
Adagrad,32,0.001,0.7350999712944031
Adagrad,33,0.001,0.7343999743461609
Adagrad,34,0.001,0.7376999855041504
Adagrad,35,0.001,0.7369999885559082
Adagrad,36,0.001,0.7379000186920166
Adagrad,37,0.001,0.739300012588501
Adagrad,38,0.001,0.7383999824523926
Adagrad,39,0.001,0.7404999732971191
Adagrad,40,0.001,0.7416999936103821
Adagrad,1,0.002,0.5095000267028809
Adagrad,2,0.002,0.6190999746322632
Adagrad,3,0.002,0.6668000221252441
Adagrad,4,0.002,0.680400013923645
Adagrad,5,0.002,0.6930000185966492
Adagrad,6,0.002,0.704800009727478
Adagrad,7,0.002,0.7145000100135803
Adagrad,8,0.002,0.7178999781608582
Adagrad,9,0.002,0.7289000153541565
Adagrad,10,0.002,0.7368000149726868
Adagrad,11,0.002,0.7368000149726868
Adagrad,12,0.002,0.7383999824523926
Adagrad,13,0.002,0.7404000163078308
Adagrad,14,0.002,0.7462000250816345
Adagrad,15,0.002,0.7447999715805054
Adagrad,16,0.002,0.7476999759674072
Adagrad,17,0.002,0.7519999742507935
Adagrad,18,0.002,0.7542999982833862
Adagrad,19,0.002,0.7559999823570251
Adagrad,20,0.002,0.7562000155448914
Adagrad,21,0.002,0.7590000033378601
Adagrad,22,0.002,0.7645000219345093
Adagrad,23,0.002,0.7659000158309937
Adagrad,24,0.002,0.7660999894142151
Adagrad,25,0.002,0.766700029373169
Adagrad,26,0.002,0.7695000171661377
Adagrad,27,0.002,0.7688999772071838
Adagrad,28,0.002,0.7720999717712402
Adagrad,29,0.002,0.7728999853134155
Adagrad,30,0.002,0.7731000185012817
Adagrad,31,0.002,0.7746999859809875
Adagrad,32,0.002,0.7712000012397766
Adagrad,33,0.002,0.7771000266075134
Adagrad,34,0.002,0.7760999798774719
Adagrad,35,0.002,0.776199996471405
Adagrad,36,0.002,0.7802000045776367
Adagrad,37,0.002,0.7799000144004822
Adagrad,38,0.002,0.7811999917030334
Adagrad,39,0.002,0.7807999849319458
Adagrad,40,0.002,0.7822999954223633
Adagrad,1,0.003,0.5849999785423279
Adagrad,2,0.003,0.6644999980926514
Adagrad,3,0.003,0.6888999938964844
Adagrad,4,0.003,0.6998000144958496
Adagrad,5,0.003,0.713100016117096
Adagrad,6,0.003,0.7184000015258789
Adagrad,7,0.003,0.7239000201225281
Adagrad,8,0.003,0.7354999780654907
Adagrad,9,0.003,0.7379000186920166
Adagrad,10,0.003,0.7430999875068665
Adagrad,11,0.003,0.7508000135421753
Adagrad,12,0.003,0.7534999847412109
Adagrad,13,0.003,0.7541999816894531
Adagrad,14,0.003,0.7558000087738037
Adagrad,15,0.003,0.7578999996185303
Adagrad,16,0.003,0.7609000205993652
Adagrad,17,0.003,0.7670999765396118
Adagrad,18,0.003,0.7662000060081482
Adagrad,19,0.003,0.7674999833106995
Adagrad,20,0.003,0.7688999772071838
Adagrad,21,0.003,0.7713000178337097
Adagrad,22,0.003,0.7731000185012817
Adagrad,23,0.003,0.7754999995231628
Adagrad,24,0.003,0.7760000228881836
Adagrad,25,0.003,0.7782999873161316
Adagrad,26,0.003,0.7788000106811523
Adagrad,27,0.003,0.7810999751091003
Adagrad,28,0.003,0.782800018787384
Adagrad,29,0.003,0.7833999991416931
Adagrad,30,0.003,0.7842000126838684
Adagrad,31,0.003,0.7846999764442444
Adagrad,32,0.003,0.785099983215332
Adagrad,33,0.003,0.7874000072479248
Adagrad,34,0.003,0.7875000238418579
Adagrad,35,0.003,0.789900004863739
Adagrad,36,0.003,0.7904999852180481
Adagrad,37,0.003,0.7910000085830688
Adagrad,38,0.003,0.792900025844574
Adagrad,39,0.003,0.7926999926567078
Adagrad,40,0.003,0.7937999963760376
Adagrad,1,0.004,0.5942999720573425
Adagrad,2,0.004,0.6563000082969666
Adagrad,3,0.004,0.6809999942779541
Adagrad,4,0.004,0.6952999830245972
Adagrad,5,0.004,0.7096999883651733
Adagrad,6,0.004,0.707099974155426
Adagrad,7,0.004,0.7163000106811523
Adagrad,8,0.004,0.7253999710083008
Adagrad,9,0.004,0.7287999987602234
Adagrad,10,0.004,0.7383000254631042
Adagrad,11,0.004,0.741599977016449
Adagrad,12,0.004,0.7502999901771545
Adagrad,13,0.004,0.7527999877929688
Adagrad,14,0.004,0.757099986076355
Adagrad,15,0.004,0.758400022983551
Adagrad,16,0.004,0.7652999758720398
Adagrad,17,0.004,0.7670000195503235
Adagrad,18,0.004,0.7706999778747559
Adagrad,19,0.004,0.7738000154495239
Adagrad,20,0.004,0.7774999737739563
Adagrad,21,0.004,0.7799999713897705
Adagrad,22,0.004,0.7809000015258789
Adagrad,23,0.004,0.7827000021934509
Adagrad,24,0.004,0.784500002861023
Adagrad,25,0.004,0.785099983215332
Adagrad,26,0.004,0.789900004863739
Adagrad,27,0.004,0.7914000153541565
Adagrad,28,0.004,0.7914000153541565
Adagrad,29,0.004,0.7932000160217285
Adagrad,30,0.004,0.7943000197410583
Adagrad,31,0.004,0.796500027179718
Adagrad,32,0.004,0.7978000044822693
Adagrad,33,0.004,0.8004999756813049
Adagrad,34,0.004,0.7997000217437744
Adagrad,35,0.004,0.8019999861717224
Adagrad,36,0.004,0.7990999817848206
Adagrad,37,0.004,0.8037999868392944
Adagrad,38,0.004,0.8044000267982483
Adagrad,39,0.004,0.8068000078201294
Adagrad,40,0.004,0.8061000108718872
Adagrad,1,0.005,0.5794000029563904
Adagrad,2,0.005,0.6650000214576721
Adagrad,3,0.005,0.7188000082969666
Adagrad,4,0.005,0.7287999987602234
Adagrad,5,0.005,0.7412999868392944
Adagrad,6,0.005,0.7476999759674072
Adagrad,7,0.005,0.7569000124931335
Adagrad,8,0.005,0.76419997215271
Adagrad,9,0.005,0.76910001039505
Adagrad,10,0.005,0.7706999778747559
Adagrad,11,0.005,0.7775999903678894
Adagrad,12,0.005,0.77920001745224
Adagrad,13,0.005,0.7809000015258789
Adagrad,14,0.005,0.78329998254776
Adagrad,15,0.005,0.7882999777793884
Adagrad,16,0.005,0.7932000160217285
Adagrad,17,0.005,0.7932000160217285
Adagrad,18,0.005,0.7953000068664551
Adagrad,19,0.005,0.7957000136375427
Adagrad,20,0.005,0.7980999946594238
Adagrad,21,0.005,0.7994999885559082
Adagrad,22,0.005,0.8025000095367432
Adagrad,23,0.005,0.8021000027656555
Adagrad,24,0.005,0.8039000034332275
Adagrad,25,0.005,0.8047000169754028
Adagrad,26,0.005,0.8068000078201294
Adagrad,27,0.005,0.8087999820709229
Adagrad,28,0.005,0.8097000122070312
Adagrad,29,0.005,0.8112000226974487
Adagrad,30,0.005,0.8137000203132629
Adagrad,31,0.005,0.814300000667572
Adagrad,32,0.005,0.8141000270843506
Adagrad,33,0.005,0.8166000247001648
Adagrad,34,0.005,0.8174999952316284
Adagrad,35,0.005,0.8181999921798706
Adagrad,36,0.005,0.8181999921798706
Adagrad,37,0.005,0.8184999823570251
Adagrad,38,0.005,0.8209999799728394
Adagrad,39,0.005,0.8223999738693237
Adagrad,40,0.005,0.8226000070571899
Adagrad,1,0.006,0.6887000203132629
Adagrad,2,0.006,0.7240999937057495
Adagrad,3,0.006,0.7360000014305115
Adagrad,4,0.006,0.7533000111579895
Adagrad,5,0.006,0.7588000297546387
Adagrad,6,0.006,0.7692999839782715
Adagrad,7,0.006,0.7718999981880188
Adagrad,8,0.006,0.77920001745224
Adagrad,9,0.006,0.7836999893188477
Adagrad,10,0.006,0.7807000279426575
Adagrad,11,0.006,0.784500002861023
Adagrad,12,0.006,0.7928000092506409
Adagrad,13,0.006,0.7964000105857849
Adagrad,14,0.006,0.7986000180244446
Adagrad,15,0.006,0.7991999983787537
Adagrad,16,0.006,0.8016999959945679
Adagrad,17,0.006,0.8037999868392944
Adagrad,18,0.006,0.8029000163078308
Adagrad,19,0.006,0.8070999979972839
Adagrad,20,0.006,0.8112000226974487
Adagrad,21,0.006,0.810699999332428
Adagrad,22,0.006,0.8158000111579895
Adagrad,23,0.006,0.8187999725341797
Adagrad,24,0.006,0.8212000131607056
Adagrad,25,0.006,0.8216999769210815
Adagrad,26,0.006,0.826200008392334
Adagrad,27,0.006,0.8277000188827515
Adagrad,28,0.006,0.8306000232696533
Adagrad,29,0.006,0.8299000263214111
Adagrad,30,0.006,0.8324999809265137
Adagrad,31,0.006,0.8366000056266785
Adagrad,32,0.006,0.835099995136261
Adagrad,33,0.006,0.8374000191688538
Adagrad,34,0.006,0.8385999798774719
Adagrad,35,0.006,0.8406000137329102
Adagrad,36,0.006,0.8396999835968018
Adagrad,37,0.006,0.8407999873161316
Adagrad,38,0.006,0.8424000144004822
Adagrad,39,0.006,0.8452000021934509
Adagrad,40,0.006,0.8447999954223633
Adagrad,1,0.007,0.6739000082015991
Adagrad,2,0.007,0.724399983882904
Adagrad,3,0.007,0.7296000123023987
Adagrad,4,0.007,0.7462999820709229
Adagrad,5,0.007,0.7605000138282776
Adagrad,6,0.007,0.7728000283241272
Adagrad,7,0.007,0.7735000252723694
Adagrad,8,0.007,0.7860999703407288
Adagrad,9,0.007,0.785099983215332
Adagrad,10,0.007,0.7918999791145325
Adagrad,11,0.007,0.7926999926567078
Adagrad,12,0.007,0.7954000234603882
Adagrad,13,0.007,0.8026000261306763
Adagrad,14,0.007,0.8015999794006348
Adagrad,15,0.007,0.8046000003814697
Adagrad,16,0.007,0.8048999905586243
Adagrad,17,0.007,0.8095999956130981
Adagrad,18,0.007,0.8095999956130981
Adagrad,19,0.007,0.8116999864578247
Adagrad,20,0.007,0.8147000074386597
Adagrad,21,0.007,0.8156999945640564
Adagrad,22,0.007,0.8180000185966492
Adagrad,23,0.007,0.8208000063896179
Adagrad,24,0.007,0.8226000070571899
Adagrad,25,0.007,0.8256000280380249
Adagrad,26,0.007,0.824400007724762
Adagrad,27,0.007,0.8274999856948853
Adagrad,28,0.007,0.8270999789237976
Adagrad,29,0.007,0.8284000158309937
Adagrad,30,0.007,0.829800009727478
Adagrad,31,0.007,0.8303999900817871
Adagrad,32,0.007,0.83160001039505
Adagrad,33,0.007,0.833299994468689
Adagrad,34,0.007,0.8339999914169312
Adagrad,35,0.007,0.8360999822616577
Adagrad,36,0.007,0.8382999897003174
Adagrad,37,0.007,0.839900016784668
Adagrad,38,0.007,0.8402000069618225
Adagrad,39,0.007,0.8396999835968018
Adagrad,40,0.007,0.8427000045776367
Adagrad,1,0.008,0.6711000204086304
Adagrad,2,0.008,0.7188000082969666
Adagrad,3,0.008,0.7401000261306763
Adagrad,4,0.008,0.7468000054359436
Adagrad,5,0.008,0.758400022983551
Adagrad,6,0.008,0.7720000147819519
Adagrad,7,0.008,0.7785000205039978
Adagrad,8,0.008,0.7832000255584717
Adagrad,9,0.008,0.7846999764442444
Adagrad,10,0.008,0.7918000221252441
Adagrad,11,0.008,0.7961000204086304
Adagrad,12,0.008,0.7997999787330627
Adagrad,13,0.008,0.8033999800682068
Adagrad,14,0.008,0.8105000257492065
Adagrad,15,0.008,0.810699999332428
Adagrad,16,0.008,0.8169999718666077
Adagrad,17,0.008,0.8172000050544739
Adagrad,18,0.008,0.8215000033378601
Adagrad,19,0.008,0.8227999806404114
Adagrad,20,0.008,0.8223999738693237
Adagrad,21,0.008,0.8256000280380249
Adagrad,22,0.008,0.8292999863624573
Adagrad,23,0.008,0.828499972820282
Adagrad,24,0.008,0.830299973487854
Adagrad,25,0.008,0.8328999876976013
Adagrad,26,0.008,0.8324999809265137
Adagrad,27,0.008,0.8373000025749207
Adagrad,28,0.008,0.8389999866485596
Adagrad,29,0.008,0.8406999707221985
Adagrad,30,0.008,0.8407999873161316
Adagrad,31,0.008,0.8421000242233276
Adagrad,32,0.008,0.839900016784668
Adagrad,33,0.008,0.84579998254776
Adagrad,34,0.008,0.8468000292778015
Adagrad,35,0.008,0.845300018787384
Adagrad,36,0.008,0.847599983215332
Adagrad,37,0.008,0.8500999808311462
Adagrad,38,0.008,0.8500000238418579
Adagrad,39,0.008,0.8510000109672546
Adagrad,40,0.008,0.854200005531311
Adagrad,1,0.009000000000000001,0.6819999814033508
Adagrad,2,0.009000000000000001,0.7214000225067139
Adagrad,3,0.009000000000000001,0.748199999332428
Adagrad,4,0.009000000000000001,0.7562000155448914
Adagrad,5,0.009000000000000001,0.7669000029563904
Adagrad,6,0.009000000000000001,0.7706999778747559
Adagrad,7,0.009000000000000001,0.7773000001907349
Adagrad,8,0.009000000000000001,0.7836999893188477
Adagrad,9,0.009000000000000001,0.7840999960899353
Adagrad,10,0.009000000000000001,0.7875999808311462
Adagrad,11,0.009000000000000001,0.794700026512146
Adagrad,12,0.009000000000000001,0.7990000247955322
Adagrad,13,0.009000000000000001,0.8004999756813049
Adagrad,14,0.009000000000000001,0.7997999787330627
Adagrad,15,0.009000000000000001,0.807699978351593
Adagrad,16,0.009000000000000001,0.8079000115394592
Adagrad,17,0.009000000000000001,0.8098999857902527
Adagrad,18,0.009000000000000001,0.8138999938964844
Adagrad,19,0.009000000000000001,0.815500020980835
Adagrad,20,0.009000000000000001,0.8151000142097473
Adagrad,21,0.009000000000000001,0.8219000101089478
Adagrad,22,0.009000000000000001,0.8234000205993652
Adagrad,23,0.009000000000000001,0.8252000212669373
Adagrad,24,0.009000000000000001,0.8269000053405762
Adagrad,25,0.009000000000000001,0.8276000022888184
Adagrad,26,0.009000000000000001,0.8296999931335449
Adagrad,27,0.009000000000000001,0.8335999846458435
Adagrad,28,0.009000000000000001,0.8373000025749207
Adagrad,29,0.009000000000000001,0.8374999761581421
Adagrad,30,0.009000000000000001,0.8379999995231628
Adagrad,31,0.009000000000000001,0.840499997138977
Adagrad,32,0.009000000000000001,0.8427000045776367
Adagrad,33,0.009000000000000001,0.8424000144004822
Adagrad,34,0.009000000000000001,0.84579998254776
Adagrad,35,0.009000000000000001,0.8439000248908997
Adagrad,36,0.009000000000000001,0.8446999788284302
Adagrad,37,0.009000000000000001,0.8460999727249146
Adagrad,38,0.009000000000000001,0.8511999845504761
Adagrad,39,0.009000000000000001,0.8540999889373779
Adagrad,40,0.009000000000000001,0.8557000160217285
Adagrad,1,0.01,0.6937999725341797
Adagrad,2,0.01,0.7272999882698059
Adagrad,3,0.01,0.7469000220298767
Adagrad,4,0.01,0.7603999972343445
Adagrad,5,0.01,0.7692000269889832
Adagrad,6,0.01,0.7752000093460083
Adagrad,7,0.01,0.7784000039100647
Adagrad,8,0.01,0.7838000059127808
Adagrad,9,0.01,0.7874000072479248
Adagrad,10,0.01,0.7918999791145325
Adagrad,11,0.01,0.7943000197410583
Adagrad,12,0.01,0.7986000180244446
Adagrad,13,0.01,0.8008999824523926
Adagrad,14,0.01,0.8048999905586243
Adagrad,15,0.01,0.8090000152587891
Adagrad,16,0.01,0.8151000142097473
Adagrad,17,0.01,0.8191999793052673
Adagrad,18,0.01,0.8198000192642212
Adagrad,19,0.01,0.8219000101089478
Adagrad,20,0.01,0.8274000287055969
Adagrad,21,0.01,0.8238000273704529
Adagrad,22,0.01,0.8343999981880188
Adagrad,23,0.01,0.8360999822616577
Adagrad,24,0.01,0.8392999768257141
Adagrad,25,0.01,0.8403000235557556
Adagrad,26,0.01,0.8434000015258789
Adagrad,27,0.01,0.8438000082969666
Adagrad,28,0.01,0.8421000242233276
Adagrad,29,0.01,0.8495000004768372
Adagrad,30,0.01,0.8497999906539917
Adagrad,31,0.01,0.8514999747276306
Adagrad,32,0.01,0.8543000221252441
Adagrad,33,0.01,0.8553000092506409
Adagrad,34,0.01,0.8513000011444092
Adagrad,35,0.01,0.8562999963760376
Adagrad,36,0.01,0.8589000105857849
Adagrad,37,0.01,0.859499990940094
Adagrad,38,0.01,0.8605999946594238
Adagrad,39,0.01,0.8608999848365784
Adagrad,40,0.01,0.862500011920929
Adagrad,1,0.02,0.7063999772071838
Adagrad,2,0.02,0.7458000183105469
Adagrad,3,0.02,0.7788000106811523
Adagrad,4,0.02,0.7853999733924866
Adagrad,5,0.02,0.791700005531311
Adagrad,6,0.02,0.8047000169754028
Adagrad,7,0.02,0.8151999711990356
Adagrad,8,0.02,0.8187999725341797
Adagrad,9,0.02,0.8205000162124634
Adagrad,10,0.02,0.8287000060081482
Adagrad,11,0.02,0.8335999846458435
Adagrad,12,0.02,0.8385000228881836
Adagrad,13,0.02,0.8436999917030334
Adagrad,14,0.02,0.8442000150680542
Adagrad,15,0.02,0.8492000102996826
Adagrad,16,0.02,0.8440999984741211
Adagrad,17,0.02,0.8521999716758728
Adagrad,18,0.02,0.8565999865531921
Adagrad,19,0.02,0.8586000204086304
Adagrad,20,0.02,0.8608999848365784
Adagrad,21,0.02,0.8596000075340271
Adagrad,22,0.02,0.8543000221252441
Adagrad,23,0.02,0.868399977684021
Adagrad,24,0.02,0.8701000213623047
Adagrad,25,0.02,0.8694000244140625
Adagrad,26,0.02,0.8700000047683716
Adagrad,27,0.02,0.8725000023841858
Adagrad,28,0.02,0.8726999759674072
Adagrad,29,0.02,0.8729000091552734
Adagrad,30,0.02,0.8751999735832214
Adagrad,31,0.02,0.8777999877929688
Adagrad,32,0.02,0.8791999816894531
Adagrad,33,0.02,0.8812000155448914
Adagrad,34,0.02,0.8827000260353088
Adagrad,35,0.02,0.8827999830245972
Adagrad,36,0.02,0.8827999830245972
Adagrad,37,0.02,0.882099986076355
Adagrad,38,0.02,0.8860999941825867
Adagrad,39,0.02,0.8784999847412109
Adagrad,40,0.02,0.8847000002861023
Adagrad,1,0.03,0.7324000000953674
Adagrad,2,0.03,0.7785999774932861
Adagrad,3,0.03,0.7976999878883362
Adagrad,4,0.03,0.8159000277519226
Adagrad,5,0.03,0.8206999897956848
Adagrad,6,0.03,0.828000009059906
Adagrad,7,0.03,0.8375999927520752
Adagrad,8,0.03,0.8446999788284302
Adagrad,9,0.03,0.8513000011444092
Adagrad,10,0.03,0.8593000173568726
Adagrad,11,0.03,0.8539999723434448
Adagrad,12,0.03,0.8633999824523926
Adagrad,13,0.03,0.8708999752998352
Adagrad,14,0.03,0.8687000274658203
Adagrad,15,0.03,0.8758999705314636
Adagrad,16,0.03,0.8810999989509583
Adagrad,17,0.03,0.878600001335144
Adagrad,18,0.03,0.8790000081062317
Adagrad,19,0.03,0.8873999714851379
Adagrad,20,0.03,0.8866999745368958
Adagrad,21,0.03,0.8920999765396118
Adagrad,22,0.03,0.8902999758720398
Adagrad,23,0.03,0.8913000226020813
Adagrad,24,0.03,0.8903999924659729
Adagrad,25,0.03,0.8913999795913696
Adagrad,26,0.03,0.892300009727478
Adagrad,27,0.03,0.8924000263214111
Adagrad,28,0.03,0.8944000005722046
Adagrad,29,0.03,0.8955000042915344
Adagrad,30,0.03,0.8953999876976013
Adagrad,31,0.03,0.9006999731063843
Adagrad,32,0.03,0.8949000239372253
Adagrad,33,0.03,0.8991000056266785
Adagrad,34,0.03,0.9010000228881836
Adagrad,35,0.03,0.8985000252723694
Adagrad,36,0.03,0.8974999785423279
Adagrad,37,0.03,0.9021000266075134
Adagrad,38,0.03,0.8988999724388123
Adagrad,39,0.03,0.9000999927520752
Adagrad,40,0.03,0.9007999897003174
Adagrad,1,0.039999999999999994,0.7346000075340271
Adagrad,2,0.039999999999999994,0.7939000129699707
Adagrad,3,0.039999999999999994,0.8084999918937683
Adagrad,4,0.039999999999999994,0.8300999999046326
Adagrad,5,0.039999999999999994,0.8342000246047974
Adagrad,6,0.039999999999999994,0.847000002861023
Adagrad,7,0.039999999999999994,0.8543999791145325
Adagrad,8,0.039999999999999994,0.8592000007629395
Adagrad,9,0.039999999999999994,0.8628000020980835
Adagrad,10,0.039999999999999994,0.8661999702453613
Adagrad,11,0.039999999999999994,0.8741000294685364
Adagrad,12,0.039999999999999994,0.8726999759674072
Adagrad,13,0.039999999999999994,0.8748999834060669
Adagrad,14,0.039999999999999994,0.8824999928474426
Adagrad,15,0.039999999999999994,0.8859999775886536
Adagrad,16,0.039999999999999994,0.8855000138282776
Adagrad,17,0.039999999999999994,0.8877000212669373
Adagrad,18,0.039999999999999994,0.8884000182151794
Adagrad,19,0.039999999999999994,0.8894000053405762
Adagrad,20,0.039999999999999994,0.8914999961853027
Adagrad,21,0.039999999999999994,0.8931999802589417
Adagrad,22,0.039999999999999994,0.8906999826431274
Adagrad,23,0.039999999999999994,0.8960000276565552
Adagrad,24,0.039999999999999994,0.8971999883651733
Adagrad,25,0.039999999999999994,0.8974999785423279
Adagrad,26,0.039999999999999994,0.899399995803833
Adagrad,27,0.039999999999999994,0.8996000289916992
Adagrad,28,0.039999999999999994,0.8935999870300293
Adagrad,29,0.039999999999999994,0.8973000049591064
Adagrad,30,0.039999999999999994,0.900600016117096
Adagrad,31,0.039999999999999994,0.9010999798774719
Adagrad,32,0.039999999999999994,0.9024999737739563
Adagrad,33,0.039999999999999994,0.9010000228881836
Adagrad,34,0.039999999999999994,0.9039999842643738
Adagrad,35,0.039999999999999994,0.9025999903678894
Adagrad,36,0.039999999999999994,0.9039999842643738
Adagrad,37,0.039999999999999994,0.9061999917030334
Adagrad,38,0.039999999999999994,0.90420001745224
Adagrad,39,0.039999999999999994,0.9067000150680542
Adagrad,40,0.039999999999999994,0.9065999984741211
Adagrad,1,0.049999999999999996,0.7667999863624573
Adagrad,2,0.049999999999999996,0.7882999777793884
Adagrad,3,0.049999999999999996,0.817300021648407
Adagrad,4,0.049999999999999996,0.828000009059906
Adagrad,5,0.049999999999999996,0.8424999713897705
Adagrad,6,0.049999999999999996,0.8450999855995178
Adagrad,7,0.049999999999999996,0.8579999804496765
Adagrad,8,0.049999999999999996,0.8615000247955322
Adagrad,9,0.049999999999999996,0.8702999949455261
Adagrad,10,0.049999999999999996,0.8748000264167786
Adagrad,11,0.049999999999999996,0.882099986076355
Adagrad,12,0.049999999999999996,0.8834999799728394
Adagrad,13,0.049999999999999996,0.8590999841690063
Adagrad,14,0.049999999999999996,0.8848000168800354
Adagrad,15,0.049999999999999996,0.8847000002861023
Adagrad,16,0.049999999999999996,0.8906000256538391
Adagrad,17,0.049999999999999996,0.8981999754905701
Adagrad,18,0.049999999999999996,0.8946999907493591
Adagrad,19,0.049999999999999996,0.8919000029563904
Adagrad,20,0.049999999999999996,0.8966000080108643
Adagrad,21,0.049999999999999996,0.8970000147819519
Adagrad,22,0.049999999999999996,0.8980000019073486
Adagrad,23,0.049999999999999996,0.9010999798774719
Adagrad,24,0.049999999999999996,0.8985000252723694
Adagrad,25,0.049999999999999996,0.8938000202178955
Adagrad,26,0.049999999999999996,0.90420001745224
Adagrad,27,0.049999999999999996,0.9020000100135803
Adagrad,28,0.049999999999999996,0.9032999873161316
Adagrad,29,0.049999999999999996,0.9010000228881836
Adagrad,30,0.049999999999999996,0.9068999886512756
Adagrad,31,0.049999999999999996,0.9045000076293945
Adagrad,32,0.049999999999999996,0.9072999954223633
Adagrad,33,0.049999999999999996,0.9083999991416931
Adagrad,34,0.049999999999999996,0.910099983215332
Adagrad,35,0.049999999999999996,0.9089000225067139
Adagrad,36,0.049999999999999996,0.9067000150680542
Adagrad,37,0.049999999999999996,0.9071999788284302
Adagrad,38,0.049999999999999996,0.9071000218391418
Adagrad,39,0.049999999999999996,0.9064000248908997
Adagrad,40,0.049999999999999996,0.9106000065803528
Adagrad,1,0.06,0.7706999778747559
Adagrad,2,0.06,0.8101000189781189
Adagrad,3,0.06,0.8238999843597412
Adagrad,4,0.06,0.8361999988555908
Adagrad,5,0.06,0.849399983882904
Adagrad,6,0.06,0.8657000064849854
Adagrad,7,0.06,0.8684999942779541
Adagrad,8,0.06,0.8798999786376953
Adagrad,9,0.06,0.879800021648407
Adagrad,10,0.06,0.885200023651123
Adagrad,11,0.06,0.8865000009536743
Adagrad,12,0.06,0.8925999999046326
Adagrad,13,0.06,0.8928999900817871
Adagrad,14,0.06,0.8953999876976013
Adagrad,15,0.06,0.8948000073432922
Adagrad,16,0.06,0.8938000202178955
Adagrad,17,0.06,0.9010999798774719
Adagrad,18,0.06,0.9014000296592712
Adagrad,19,0.06,0.8949000239372253
Adagrad,20,0.06,0.9004999995231628
Adagrad,21,0.06,0.9007999897003174
Adagrad,22,0.06,0.9023000001907349
Adagrad,23,0.06,0.9036999940872192
Adagrad,24,0.06,0.9049999713897705
Adagrad,25,0.06,0.9041000008583069
Adagrad,26,0.06,0.9053000211715698
Adagrad,27,0.06,0.9064000248908997
Adagrad,28,0.06,0.9050999879837036
Adagrad,29,0.06,0.906000018119812
Adagrad,30,0.06,0.9047999978065491
Adagrad,31,0.06,0.9072999954223633
Adagrad,32,0.06,0.9093999862670898
Adagrad,33,0.06,0.9053000211715698
Adagrad,34,0.06,0.911300003528595
Adagrad,35,0.06,0.9075999855995178
Adagrad,36,0.06,0.9085000157356262
Adagrad,37,0.06,0.9063000082969666
Adagrad,38,0.06,0.9124000072479248
Adagrad,39,0.06,0.9125000238418579
Adagrad,40,0.06,0.9120000004768372
Adagrad,1,0.06999999999999999,0.7649000287055969
Adagrad,2,0.06999999999999999,0.8101999759674072
Adagrad,3,0.06999999999999999,0.8331000208854675
Adagrad,4,0.06999999999999999,0.8532999753952026
Adagrad,5,0.06999999999999999,0.8597999811172485
Adagrad,6,0.06999999999999999,0.8700000047683716
Adagrad,7,0.06999999999999999,0.8794999718666077
Adagrad,8,0.06999999999999999,0.8847000002861023
Adagrad,9,0.06999999999999999,0.8891000151634216
Adagrad,10,0.06999999999999999,0.891700029373169
Adagrad,11,0.06999999999999999,0.8909000158309937
Adagrad,12,0.06999999999999999,0.8917999863624573
Adagrad,13,0.06999999999999999,0.8956999778747559
Adagrad,14,0.06999999999999999,0.8906999826431274
Adagrad,15,0.06999999999999999,0.8956999778747559
Adagrad,16,0.06999999999999999,0.8999000191688538
Adagrad,17,0.06999999999999999,0.8971999883651733
Adagrad,18,0.06999999999999999,0.8819000124931335
Adagrad,19,0.06999999999999999,0.902999997138977
Adagrad,20,0.06999999999999999,0.9042999744415283
Adagrad,21,0.06999999999999999,0.90420001745224
Adagrad,22,0.06999999999999999,0.9021000266075134
Adagrad,23,0.06999999999999999,0.902899980545044
Adagrad,24,0.06999999999999999,0.9075000286102295
Adagrad,25,0.06999999999999999,0.9035999774932861
Adagrad,26,0.06999999999999999,0.8998000025749207
Adagrad,27,0.06999999999999999,0.9065999984741211
Adagrad,28,0.06999999999999999,0.9046000242233276
Adagrad,29,0.06999999999999999,0.909500002861023
Adagrad,30,0.06999999999999999,0.9086999893188477
Adagrad,31,0.06999999999999999,0.9071000218391418
Adagrad,32,0.06999999999999999,0.9081000089645386
Adagrad,33,0.06999999999999999,0.9067000150680542
Adagrad,34,0.06999999999999999,0.906499981880188
Adagrad,35,0.06999999999999999,0.9120000004768372
Adagrad,36,0.06999999999999999,0.9035999774932861
Adagrad,37,0.06999999999999999,0.9083999991416931
Adagrad,38,0.06999999999999999,0.911300003528595
Adagrad,39,0.06999999999999999,0.9083999991416931
Adagrad,40,0.06999999999999999,0.911899983882904
Adagrad,1,0.07999999999999999,0.7788000106811523
Adagrad,2,0.07999999999999999,0.8180000185966492
Adagrad,3,0.07999999999999999,0.8429999947547913
Adagrad,4,0.07999999999999999,0.8346999883651733
Adagrad,5,0.07999999999999999,0.8597000241279602
Adagrad,6,0.07999999999999999,0.8772000074386597
Adagrad,7,0.07999999999999999,0.882099986076355
Adagrad,8,0.07999999999999999,0.8848999738693237
Adagrad,9,0.07999999999999999,0.8885999917984009
Adagrad,10,0.07999999999999999,0.8899999856948853
Adagrad,11,0.07999999999999999,0.8913000226020813
Adagrad,12,0.07999999999999999,0.895799994468689
Adagrad,13,0.07999999999999999,0.8851000070571899
Adagrad,14,0.07999999999999999,0.894599974155426
Adagrad,15,0.07999999999999999,0.8985999822616577
Adagrad,16,0.07999999999999999,0.900600016117096
Adagrad,17,0.07999999999999999,0.8980000019073486
Adagrad,18,0.07999999999999999,0.8955000042915344
Adagrad,19,0.07999999999999999,0.902400016784668
Adagrad,20,0.07999999999999999,0.8985000252723694
Adagrad,21,0.07999999999999999,0.9068999886512756
Adagrad,22,0.07999999999999999,0.900600016117096
Adagrad,23,0.07999999999999999,0.9017000198364258
Adagrad,24,0.07999999999999999,0.9071999788284302
Adagrad,25,0.07999999999999999,0.9057999849319458
Adagrad,26,0.07999999999999999,0.9075999855995178
Adagrad,27,0.07999999999999999,0.906000018119812
Adagrad,28,0.07999999999999999,0.9093000292778015
Adagrad,29,0.07999999999999999,0.9071999788284302
Adagrad,30,0.07999999999999999,0.9096999764442444
Adagrad,31,0.07999999999999999,0.9089999794960022
Adagrad,32,0.07999999999999999,0.9097999930381775
Adagrad,33,0.07999999999999999,0.9089000225067139
Adagrad,34,0.07999999999999999,0.9103999733924866
Adagrad,35,0.07999999999999999,0.9081000089645386
Adagrad,36,0.07999999999999999,0.9088000059127808
Adagrad,37,0.07999999999999999,0.9118000268936157
Adagrad,38,0.07999999999999999,0.911899983882904
Adagrad,39,0.07999999999999999,0.9139000177383423
Adagrad,40,0.07999999999999999,0.913100004196167
Adagrad,1,0.09,0.7598000168800354
Adagrad,2,0.09,0.8102999925613403
Adagrad,3,0.09,0.83160001039505
Adagrad,4,0.09,0.8519999980926514
Adagrad,5,0.09,0.8666999936103821
Adagrad,6,0.09,0.8770999908447266
Adagrad,7,0.09,0.8658999800682068
Adagrad,8,0.09,0.8877999782562256
Adagrad,9,0.09,0.8863000273704529
Adagrad,10,0.09,0.886900007724762
Adagrad,11,0.09,0.8913999795913696
Adagrad,12,0.09,0.8921999931335449
Adagrad,13,0.09,0.8952000141143799
Adagrad,14,0.09,0.8970999717712402
Adagrad,15,0.09,0.885200023651123
Adagrad,16,0.09,0.8982999920845032
Adagrad,17,0.09,0.8980000019073486
Adagrad,18,0.09,0.8996000289916992
Adagrad,19,0.09,0.902400016784668
Adagrad,20,0.09,0.9034000039100647
Adagrad,21,0.09,0.9028000235557556
Adagrad,22,0.09,0.8924999833106995
Adagrad,23,0.09,0.9014999866485596
Adagrad,24,0.09,0.9089000225067139
Adagrad,25,0.09,0.9082000255584717
Adagrad,26,0.09,0.9075000286102295
Adagrad,27,0.09,0.9052000045776367
Adagrad,28,0.09,0.90420001745224
Adagrad,29,0.09,0.9107000231742859
Adagrad,30,0.09,0.9085999727249146
Adagrad,31,0.09,0.9061999917030334
Adagrad,32,0.09,0.9092000126838684
Adagrad,33,0.09,0.9027000069618225
Adagrad,34,0.09,0.9121999740600586
Adagrad,35,0.09,0.9121000170707703
Adagrad,36,0.09,0.9103000164031982
Adagrad,37,0.09,0.9096999764442444
Adagrad,38,0.09,0.9121999740600586
Adagrad,39,0.09,0.9110999703407288
Adagrad,40,0.09,0.9110000133514404
Adagrad,1,0.09999999999999999,0.7857999801635742
Adagrad,2,0.09999999999999999,0.8302000164985657
Adagrad,3,0.09999999999999999,0.8543999791145325
Adagrad,4,0.09999999999999999,0.8690999746322632
Adagrad,5,0.09999999999999999,0.8695999979972839
Adagrad,6,0.09999999999999999,0.8798999786376953
Adagrad,7,0.09999999999999999,0.8755000233650208
Adagrad,8,0.09999999999999999,0.8877999782562256
Adagrad,9,0.09999999999999999,0.8852999806404114
Adagrad,10,0.09999999999999999,0.8949000239372253
Adagrad,11,0.09999999999999999,0.8963000178337097
Adagrad,12,0.09999999999999999,0.8967999815940857
Adagrad,13,0.09999999999999999,0.8896999955177307
Adagrad,14,0.09999999999999999,0.8971999883651733
Adagrad,15,0.09999999999999999,0.9049000144004822
Adagrad,16,0.09999999999999999,0.9010999798774719
Adagrad,17,0.09999999999999999,0.9027000069618225
Adagrad,18,0.09999999999999999,0.9057000279426575
Adagrad,19,0.09999999999999999,0.8978999853134155
Adagrad,20,0.09999999999999999,0.9067000150680542
Adagrad,21,0.09999999999999999,0.9004999995231628
Adagrad,22,0.09999999999999999,0.9093999862670898
Adagrad,23,0.09999999999999999,0.9099000096321106
Adagrad,24,0.09999999999999999,0.8996999859809875
Adagrad,25,0.09999999999999999,0.9086999893188477
Adagrad,26,0.09999999999999999,0.9090999960899353
Adagrad,27,0.09999999999999999,0.9081000089645386
Adagrad,28,0.09999999999999999,0.904699981212616
Adagrad,29,0.09999999999999999,0.906499981880188
Adagrad,30,0.09999999999999999,0.9096999764442444
Adagrad,31,0.09999999999999999,0.9124000072479248
Adagrad,32,0.09999999999999999,0.909600019454956
Adagrad,33,0.09999999999999999,0.9107999801635742
Adagrad,34,0.09999999999999999,0.9110000133514404
Adagrad,35,0.09999999999999999,0.9125000238418579
Adagrad,36,0.09999999999999999,0.9133999943733215
Adagrad,37,0.09999999999999999,0.9085000157356262
Adagrad,38,0.09999999999999999,0.9118000268936157
Adagrad,39,0.09999999999999999,0.9143000245094299
Adagrad,40,0.09999999999999999,0.9120000004768372
AdamW,1,0.0001,0.6973000168800354
AdamW,2,0.0001,0.7422000169754028
AdamW,3,0.0001,0.7627000212669373
AdamW,4,0.0001,0.7764999866485596
AdamW,5,0.0001,0.7853000164031982
AdamW,6,0.0001,0.7936000227928162
AdamW,7,0.0001,0.8032000064849854
AdamW,8,0.0001,0.8097000122070312
AdamW,9,0.0001,0.8174999952316284
AdamW,10,0.0001,0.8203999996185303
AdamW,11,0.0001,0.8258000016212463
AdamW,12,0.0001,0.8309999704360962
AdamW,13,0.0001,0.8330000042915344
AdamW,14,0.0001,0.8355000019073486
AdamW,15,0.0001,0.839900016784668
AdamW,16,0.0001,0.8428000211715698
AdamW,17,0.0001,0.8483999967575073
AdamW,18,0.0001,0.8468999862670898
AdamW,19,0.0001,0.8525000214576721
AdamW,20,0.0001,0.8514000177383423
AdamW,21,0.0001,0.8553000092506409
AdamW,22,0.0001,0.8569999933242798
AdamW,23,0.0001,0.861299991607666
AdamW,24,0.0001,0.8616999983787537
AdamW,25,0.0001,0.8608999848365784
AdamW,26,0.0001,0.8628000020980835
AdamW,27,0.0001,0.8646000027656555
AdamW,28,0.0001,0.8655999898910522
AdamW,29,0.0001,0.870199978351593
AdamW,30,0.0001,0.8715000152587891
AdamW,31,0.0001,0.8723000288009644
AdamW,32,0.0001,0.8737999796867371
AdamW,33,0.0001,0.8766999840736389
AdamW,34,0.0001,0.8741000294685364
AdamW,35,0.0001,0.878000020980835
AdamW,36,0.0001,0.8791000247001648
AdamW,37,0.0001,0.8784999847412109
AdamW,38,0.0001,0.882099986076355
AdamW,39,0.0001,0.8815000057220459
AdamW,40,0.0001,0.8827999830245972
AdamW,1,0.0002,0.7559000253677368
AdamW,2,0.0002,0.781000018119812
AdamW,3,0.0002,0.7972999811172485
AdamW,4,0.0002,0.8095999956130981
AdamW,5,0.0002,0.8241000175476074
AdamW,6,0.0002,0.8359000086784363
AdamW,7,0.0002,0.8406999707221985
AdamW,8,0.0002,0.8453999757766724
AdamW,9,0.0002,0.8547999858856201
AdamW,10,0.0002,0.858299970626831
AdamW,11,0.0002,0.8578000068664551
AdamW,12,0.0002,0.864799976348877
AdamW,13,0.0002,0.8672000169754028
AdamW,14,0.0002,0.8730000257492065
AdamW,15,0.0002,0.8740000128746033
AdamW,16,0.0002,0.8788999915122986
AdamW,17,0.0002,0.8791999816894531
AdamW,18,0.0002,0.8840000033378601
AdamW,19,0.0002,0.885699987411499
AdamW,20,0.0002,0.8853999972343445
AdamW,21,0.0002,0.8865000009536743
AdamW,22,0.0002,0.8884999752044678
AdamW,23,0.0002,0.8885999917984009
AdamW,24,0.0002,0.8903999924659729
AdamW,25,0.0002,0.8942999839782715
AdamW,26,0.0002,0.895799994468689
AdamW,27,0.0002,0.8971999883651733
AdamW,28,0.0002,0.897599995136261
AdamW,29,0.0002,0.8974999785423279
AdamW,30,0.0002,0.8999000191688538
AdamW,31,0.0002,0.900600016117096
AdamW,32,0.0002,0.8971999883651733
AdamW,33,0.0002,0.9013000130653381
AdamW,34,0.0002,0.9035999774932861
AdamW,35,0.0002,0.9020000100135803
AdamW,36,0.0002,0.9025999903678894
AdamW,37,0.0002,0.9039999842643738
AdamW,38,0.0002,0.9043999910354614
AdamW,39,0.0002,0.9052000045776367
AdamW,40,0.0002,0.9049999713897705
AdamW,1,0.00030000000000000003,0.7587000131607056
AdamW,2,0.00030000000000000003,0.7864000201225281
AdamW,3,0.00030000000000000003,0.8068000078201294
AdamW,4,0.00030000000000000003,0.8227999806404114
AdamW,5,0.00030000000000000003,0.8363999724388123
AdamW,6,0.00030000000000000003,0.8458999991416931
AdamW,7,0.00030000000000000003,0.855400025844574
AdamW,8,0.00030000000000000003,0.8628000020980835
AdamW,9,0.00030000000000000003,0.8690999746322632
AdamW,10,0.00030000000000000003,0.8716999888420105
AdamW,11,0.00030000000000000003,0.8762000203132629
AdamW,12,0.00030000000000000003,0.8794999718666077
AdamW,13,0.00030000000000000003,0.8834999799728394
AdamW,14,0.00030000000000000003,0.8784000277519226
AdamW,15,0.00030000000000000003,0.8881000280380249
AdamW,16,0.00030000000000000003,0.8870999813079834
AdamW,17,0.00030000000000000003,0.8895999789237976
AdamW,18,0.00030000000000000003,0.8938000202178955
AdamW,19,0.00030000000000000003,0.8942999839782715
AdamW,20,0.00030000000000000003,0.8916000127792358
AdamW,21,0.00030000000000000003,0.8981000185012817
AdamW,22,0.00030000000000000003,0.896399974822998
AdamW,23,0.00030000000000000003,0.8981999754905701
AdamW,24,0.00030000000000000003,0.8985000252723694
AdamW,25,0.00030000000000000003,0.8989999890327454
AdamW,26,0.00030000000000000003,0.8999999761581421
AdamW,27,0.00030000000000000003,0.9025999903678894
AdamW,28,0.00030000000000000003,0.9046000242233276
AdamW,29,0.00030000000000000003,0.9038000106811523
AdamW,30,0.00030000000000000003,0.9045000076293945
AdamW,31,0.00030000000000000003,0.9057000279426575
AdamW,32,0.00030000000000000003,0.9042999744415283
AdamW,33,0.00030000000000000003,0.9050999879837036
AdamW,34,0.00030000000000000003,0.9063000082969666
AdamW,35,0.00030000000000000003,0.9085000157356262
AdamW,36,0.00030000000000000003,0.9057999849319458
AdamW,37,0.00030000000000000003,0.9089000225067139
AdamW,38,0.00030000000000000003,0.9079999923706055
AdamW,39,0.00030000000000000003,0.9090999960899353
AdamW,40,0.00030000000000000003,0.9085000157356262
AdamW,1,0.0004,0.7598999738693237
AdamW,2,0.0004,0.7892000079154968
AdamW,3,0.0004,0.8148999810218811
AdamW,4,0.0004,0.8274999856948853
AdamW,5,0.0004,0.8378000259399414
AdamW,6,0.0004,0.850600004196167
AdamW,7,0.0004,0.8615999817848206
AdamW,8,0.0004,0.8636000156402588
AdamW,9,0.0004,0.8744999766349792
AdamW,10,0.0004,0.8766000270843506
AdamW,11,0.0004,0.8790000081062317
AdamW,12,0.0004,0.8845000267028809
AdamW,13,0.0004,0.8835999965667725
AdamW,14,0.0004,0.8898000121116638
AdamW,15,0.0004,0.892300009727478
AdamW,16,0.0004,0.8916000127792358
AdamW,17,0.0004,0.8938000202178955
AdamW,18,0.0004,0.8963000178337097
AdamW,19,0.0004,0.8999999761581421
AdamW,20,0.0004,0.8998000025749207
AdamW,21,0.0004,0.9006999731063843
AdamW,22,0.0004,0.9010999798774719
AdamW,23,0.0004,0.8995000123977661
AdamW,24,0.0004,0.9057999849319458
AdamW,25,0.0004,0.904699981212616
AdamW,26,0.0004,0.9021999835968018
AdamW,27,0.0004,0.900600016117096
AdamW,28,0.0004,0.9053000211715698
AdamW,29,0.0004,0.9107999801635742
AdamW,30,0.0004,0.9100000262260437
AdamW,31,0.0004,0.9053999781608582
AdamW,32,0.0004,0.9082000255584717
AdamW,33,0.0004,0.9061999917030334
AdamW,34,0.0004,0.9083999991416931
AdamW,35,0.0004,0.9110000133514404
AdamW,36,0.0004,0.9121000170707703
AdamW,37,0.0004,0.9097999930381775
AdamW,38,0.0004,0.9124000072479248
AdamW,39,0.0004,0.9104999899864197
AdamW,40,0.0004,0.913100004196167
AdamW,1,0.0005,0.772599995136261
AdamW,2,0.0005,0.8170999884605408
AdamW,3,0.0005,0.8367999792098999
AdamW,4,0.0005,0.8475000262260437
AdamW,5,0.0005,0.8569999933242798
AdamW,6,0.0005,0.8636999726295471
AdamW,7,0.0005,0.8743000030517578
AdamW,8,0.0005,0.8783000111579895
AdamW,9,0.0005,0.8827999830245972
AdamW,10,0.0005,0.8870000243186951
AdamW,11,0.0005,0.8876000046730042
AdamW,12,0.0005,0.8913000226020813
AdamW,13,0.0005,0.8919000029563904
AdamW,14,0.0005,0.8973000049591064
AdamW,15,0.0005,0.8967999815940857
AdamW,16,0.0005,0.8980000019073486
AdamW,17,0.0005,0.8985000252723694
AdamW,18,0.0005,0.9021999835968018
AdamW,19,0.0005,0.9054999947547913
AdamW,20,0.0005,0.9039999842643738
AdamW,21,0.0005,0.9031000137329102
AdamW,22,0.0005,0.9086999893188477
AdamW,23,0.0005,0.9103999733924866
AdamW,24,0.0005,0.9075999855995178
AdamW,25,0.0005,0.9057999849319458
AdamW,26,0.0005,0.9097999930381775
AdamW,27,0.0005,0.910099983215332
AdamW,28,0.0005,0.910099983215332
AdamW,29,0.0005,0.9071000218391418
AdamW,30,0.0005,0.9082000255584717
AdamW,31,0.0005,0.9115999937057495
AdamW,32,0.0005,0.9129999876022339
AdamW,33,0.0005,0.9135000109672546
AdamW,34,0.0005,0.9121999740600586
AdamW,35,0.0005,0.9151999950408936
AdamW,36,0.0005,0.9132000207901001
AdamW,37,0.0005,0.9157000184059143
AdamW,38,0.0005,0.9125000238418579
AdamW,39,0.0005,0.9169999957084656
AdamW,40,0.0005,0.9128999710083008
AdamW,1,0.0006000000000000001,0.7839999794960022
AdamW,2,0.0006000000000000001,0.8195000290870667
AdamW,3,0.0006000000000000001,0.8440999984741211
AdamW,4,0.0006000000000000001,0.8615999817848206
AdamW,5,0.0006000000000000001,0.870199978351593
AdamW,6,0.0006000000000000001,0.8744000196456909
AdamW,7,0.0006000000000000001,0.8826000094413757
AdamW,8,0.0006000000000000001,0.8834999799728394
AdamW,9,0.0006000000000000001,0.8877000212669373
AdamW,10,0.0006000000000000001,0.8952999711036682
AdamW,11,0.0006000000000000001,0.8956999778747559
AdamW,12,0.0006000000000000001,0.8928999900817871
AdamW,13,0.0006000000000000001,0.8959000110626221
AdamW,14,0.0006000000000000001,0.9025999903678894
AdamW,15,0.0006000000000000001,0.900600016117096
AdamW,16,0.0006000000000000001,0.9034000039100647
AdamW,17,0.0006000000000000001,0.9021999835968018
AdamW,18,0.0006000000000000001,0.9038000106811523
AdamW,19,0.0006000000000000001,0.9036999940872192
AdamW,20,0.0006000000000000001,0.9059000015258789
AdamW,21,0.0006000000000000001,0.9054999947547913
AdamW,22,0.0006000000000000001,0.9081000089645386
AdamW,23,0.0006000000000000001,0.909500002861023
AdamW,24,0.0006000000000000001,0.9104999899864197
AdamW,25,0.0006000000000000001,0.9090999960899353
AdamW,26,0.0006000000000000001,0.9108999967575073
AdamW,27,0.0006000000000000001,0.9104999899864197
AdamW,28,0.0006000000000000001,0.9132999777793884
AdamW,29,0.0006000000000000001,0.9124000072479248
AdamW,30,0.0006000000000000001,0.9129999876022339
AdamW,31,0.0006000000000000001,0.9129999876022339
AdamW,32,0.0006000000000000001,0.9132000207901001
AdamW,33,0.0006000000000000001,0.9136000275611877
AdamW,34,0.0006000000000000001,0.9140999913215637
AdamW,35,0.0006000000000000001,0.9122999906539917
AdamW,36,0.0006000000000000001,0.9160000085830688
AdamW,37,0.0006000000000000001,0.9161999821662903
AdamW,38,0.0006000000000000001,0.9136000275611877
AdamW,39,0.0006000000000000001,0.9138000011444092
AdamW,40,0.0006000000000000001,0.9144999980926514
AdamW,1,0.0007000000000000001,0.7997000217437744
AdamW,2,0.0007000000000000001,0.8367000222206116
AdamW,3,0.0007000000000000001,0.8547000288963318
AdamW,4,0.0007000000000000001,0.867900013923645
AdamW,5,0.0007000000000000001,0.8769000172615051
AdamW,6,0.0007000000000000001,0.8815000057220459
AdamW,7,0.0007000000000000001,0.8884000182151794
AdamW,8,0.0007000000000000001,0.8873000144958496
AdamW,9,0.0007000000000000001,0.8937000036239624
AdamW,10,0.0007000000000000001,0.8959000110626221
AdamW,11,0.0007000000000000001,0.8978000283241272
AdamW,12,0.0007000000000000001,0.8985999822616577
AdamW,13,0.0007000000000000001,0.8974999785423279
AdamW,14,0.0007000000000000001,0.9027000069618225
AdamW,15,0.0007000000000000001,0.9045000076293945
AdamW,16,0.0007000000000000001,0.9034000039100647
AdamW,17,0.0007000000000000001,0.9010000228881836
AdamW,18,0.0007000000000000001,0.9027000069618225
AdamW,19,0.0007000000000000001,0.9039999842643738
AdamW,20,0.0007000000000000001,0.9079999923706055
AdamW,21,0.0007000000000000001,0.9072999954223633
AdamW,22,0.0007000000000000001,0.9079999923706055
AdamW,23,0.0007000000000000001,0.9093000292778015
AdamW,24,0.0007000000000000001,0.9086999893188477
AdamW,25,0.0007000000000000001,0.9081000089645386
AdamW,26,0.0007000000000000001,0.9114999771118164
AdamW,27,0.0007000000000000001,0.9031000137329102
AdamW,28,0.0007000000000000001,0.9125999808311462
AdamW,29,0.0007000000000000001,0.9092000126838684
AdamW,30,0.0007000000000000001,0.9100000262260437
AdamW,31,0.0007000000000000001,0.9160000085830688
AdamW,32,0.0007000000000000001,0.9132000207901001
AdamW,33,0.0007000000000000001,0.9133999943733215
AdamW,34,0.0007000000000000001,0.911899983882904
AdamW,35,0.0007000000000000001,0.9161999821662903
AdamW,36,0.0007000000000000001,0.9103999733924866
AdamW,37,0.0007000000000000001,0.916100025177002
AdamW,38,0.0007000000000000001,0.9125000238418579
AdamW,39,0.0007000000000000001,0.9146000146865845
AdamW,40,0.0007000000000000001,0.9132999777793884
AdamW,1,0.0008,0.7829999923706055
AdamW,2,0.0008,0.8213000297546387
AdamW,3,0.0008,0.8481000065803528
AdamW,4,0.0008,0.8600000143051147
AdamW,5,0.0008,0.875
AdamW,6,0.0008,0.8788999915122986
AdamW,7,0.0008,0.8845999836921692
AdamW,8,0.0008,0.8880000114440918
AdamW,9,0.0008,0.8939999938011169
AdamW,10,0.0008,0.8978999853134155
AdamW,11,0.0008,0.8989999890327454
AdamW,12,0.0008,0.8999999761581421
AdamW,13,0.0008,0.8999000191688538
AdamW,14,0.0008,0.9021000266075134
AdamW,15,0.0008,0.9056000113487244
AdamW,16,0.0008,0.902999997138977
AdamW,17,0.0008,0.9031999707221985
AdamW,18,0.0008,0.9031999707221985
AdamW,19,0.0008,0.9064000248908997
AdamW,20,0.0008,0.9075999855995178
AdamW,21,0.0008,0.9078999757766724
AdamW,22,0.0008,0.9103000164031982
AdamW,23,0.0008,0.9085999727249146
AdamW,24,0.0008,0.9099000096321106
AdamW,25,0.0008,0.913100004196167
AdamW,26,0.0008,0.9088000059127808
AdamW,27,0.0008,0.9125999808311462
AdamW,28,0.0008,0.9150000214576721
AdamW,29,0.0008,0.9121000170707703
AdamW,30,0.0008,0.9151999950408936
AdamW,31,0.0008,0.9124000072479248
AdamW,32,0.0008,0.916100025177002
AdamW,33,0.0008,0.9117000102996826
AdamW,34,0.0008,0.9132000207901001
AdamW,35,0.0008,0.9147999882698059
AdamW,36,0.0008,0.913100004196167
AdamW,37,0.0008,0.9114000201225281
AdamW,38,0.0008,0.9178000092506409
AdamW,39,0.0008,0.9180999994277954
AdamW,40,0.0008,0.9160000085830688
AdamW,1,0.0009000000000000001,0.7968000173568726
AdamW,2,0.0009000000000000001,0.8317999839782715
AdamW,3,0.0009000000000000001,0.8540999889373779
AdamW,4,0.0009000000000000001,0.8679999709129333
AdamW,5,0.0009000000000000001,0.8754000067710876
AdamW,6,0.0009000000000000001,0.8787999749183655
AdamW,7,0.0009000000000000001,0.8828999996185303
AdamW,8,0.0009000000000000001,0.8967000246047974
AdamW,9,0.0009000000000000001,0.8906999826431274
AdamW,10,0.0009000000000000001,0.894599974155426
AdamW,11,0.0009000000000000001,0.8982999920845032
AdamW,12,0.0009000000000000001,0.9042999744415283
AdamW,13,0.0009000000000000001,0.902899980545044
AdamW,14,0.0009000000000000001,0.9053000211715698
AdamW,15,0.0009000000000000001,0.9021999835968018
AdamW,16,0.0009000000000000001,0.9017999768257141
AdamW,17,0.0009000000000000001,0.9063000082969666
AdamW,18,0.0009000000000000001,0.9028000235557556
AdamW,19,0.0009000000000000001,0.9071000218391418
AdamW,20,0.0009000000000000001,0.9039999842643738
AdamW,21,0.0009000000000000001,0.9043999910354614
AdamW,22,0.0009000000000000001,0.9074000120162964
AdamW,23,0.0009000000000000001,0.9089999794960022
AdamW,24,0.0009000000000000001,0.9099000096321106
AdamW,25,0.0009000000000000001,0.9125999808311462
AdamW,26,0.0009000000000000001,0.9132999777793884
AdamW,27,0.0009000000000000001,0.9107000231742859
AdamW,28,0.0009000000000000001,0.9121000170707703
AdamW,29,0.0009000000000000001,0.9133999943733215
AdamW,30,0.0009000000000000001,0.9124000072479248
AdamW,31,0.0009000000000000001,0.9139999747276306
AdamW,32,0.0009000000000000001,0.916100025177002
AdamW,33,0.0009000000000000001,0.9168999791145325
AdamW,34,0.0009000000000000001,0.9144999980926514
AdamW,35,0.0009000000000000001,0.91839998960495
AdamW,36,0.0009000000000000001,0.9172000288963318
AdamW,37,0.0009000000000000001,0.9151999950408936
AdamW,38,0.0009000000000000001,0.916100025177002
AdamW,39,0.0009000000000000001,0.9103000164031982
AdamW,40,0.0009000000000000001,0.9143999814987183
AdamW,1,0.001,0.791100025177002
AdamW,2,0.001,0.8384000062942505
AdamW,3,0.001,0.8593999743461609
AdamW,4,0.001,0.8729000091552734
AdamW,5,0.001,0.8810999989509583
AdamW,6,0.001,0.8806999921798706
AdamW,7,0.001,0.8888000249862671
AdamW,8,0.001,0.8921999931335449
AdamW,9,0.001,0.8878999948501587
AdamW,10,0.001,0.895799994468689
AdamW,11,0.001,0.8981999754905701
AdamW,12,0.001,0.9003000259399414
AdamW,13,0.001,0.9007999897003174
AdamW,14,0.001,0.9003000259399414
AdamW,15,0.001,0.9053000211715698
AdamW,16,0.001,0.9021999835968018
AdamW,17,0.001,0.9074000120162964
AdamW,18,0.001,0.90829998254776
AdamW,19,0.001,0.9017999768257141
AdamW,20,0.001,0.9035000205039978
AdamW,21,0.001,0.9024999737739563
AdamW,22,0.001,0.9124000072479248
AdamW,23,0.001,0.9082000255584717
AdamW,24,0.001,0.9121999740600586
AdamW,25,0.001,0.9085000157356262
AdamW,26,0.001,0.910099983215332
AdamW,27,0.001,0.9136999845504761
AdamW,28,0.001,0.9093999862670898
AdamW,29,0.001,0.9114999771118164
AdamW,30,0.001,0.9125000238418579
AdamW,31,0.001,0.9089000225067139
AdamW,32,0.001,0.9110000133514404
AdamW,33,0.001,0.9057000279426575
AdamW,34,0.001,0.911899983882904
AdamW,35,0.001,0.9075000286102295
AdamW,36,0.001,0.9122999906539917
AdamW,37,0.001,0.9125000238418579
AdamW,38,0.001,0.9117000102996826
AdamW,39,0.001,0.9136000275611877
AdamW,40,0.001,0.9156000018119812
AdamW,1,0.002,0.8130999803543091
AdamW,2,0.002,0.8482000231742859
AdamW,3,0.002,0.8662999868392944
AdamW,4,0.002,0.8809000253677368
AdamW,5,0.002,0.8815000057220459
AdamW,6,0.002,0.8883000016212463
AdamW,7,0.002,0.8924000263214111
AdamW,8,0.002,0.892799973487854
AdamW,9,0.002,0.8977000117301941
AdamW,10,0.002,0.8944000005722046
AdamW,11,0.002,0.9006999731063843
AdamW,12,0.002,0.9059000015258789
AdamW,13,0.002,0.9045000076293945
AdamW,14,0.002,0.902899980545044
AdamW,15,0.002,0.9039999842643738
AdamW,16,0.002,0.9077000021934509
AdamW,17,0.002,0.9035999774932861
AdamW,18,0.002,0.90420001745224
AdamW,19,0.002,0.9068999886512756
AdamW,20,0.002,0.9045000076293945
AdamW,21,0.002,0.9090999960899353
AdamW,22,0.002,0.904699981212616
AdamW,23,0.002,0.9083999991416931
AdamW,24,0.002,0.900600016117096
AdamW,25,0.002,0.9053000211715698
AdamW,26,0.002,0.9089999794960022
AdamW,27,0.002,0.9101999998092651
AdamW,28,0.002,0.9136000275611877
AdamW,29,0.002,0.9083999991416931
AdamW,30,0.002,0.9097999930381775
AdamW,31,0.002,0.9054999947547913
AdamW,32,0.002,0.9089000225067139
AdamW,33,0.002,0.9071999788284302
AdamW,34,0.002,0.9126999974250793
AdamW,35,0.002,0.9068999886512756
AdamW,36,0.002,0.9103999733924866
AdamW,37,0.002,0.9133999943733215
AdamW,38,0.002,0.9128999710083008
AdamW,39,0.002,0.911899983882904
AdamW,40,0.002,0.9122999906539917
AdamW,1,0.003,0.8363000154495239
AdamW,2,0.003,0.8610000014305115
AdamW,3,0.003,0.8809999823570251
AdamW,4,0.003,0.8833000063896179
AdamW,5,0.003,0.8896999955177307
AdamW,6,0.003,0.8946999907493591
AdamW,7,0.003,0.8917999863624573
AdamW,8,0.003,0.8858000040054321
AdamW,9,0.003,0.8935999870300293
AdamW,10,0.003,0.8995000123977661
AdamW,11,0.003,0.9032999873161316
AdamW,12,0.003,0.8991000056266785
AdamW,13,0.003,0.888700008392334
AdamW,14,0.003,0.9021000266075134
AdamW,15,0.003,0.8956999778747559
AdamW,16,0.003,0.9070000052452087
AdamW,17,0.003,0.8949999809265137
AdamW,18,0.003,0.9017999768257141
AdamW,19,0.003,0.9017000198364258
AdamW,20,0.003,0.90420001745224
AdamW,21,0.003,0.9010000228881836
AdamW,22,0.003,0.9085000157356262
AdamW,23,0.003,0.9057000279426575
AdamW,24,0.003,0.9050999879837036
AdamW,25,0.003,0.9078999757766724
AdamW,26,0.003,0.9089999794960022
AdamW,27,0.003,0.9042999744415283
AdamW,28,0.003,0.9078999757766724
AdamW,29,0.003,0.9013000130653381
AdamW,30,0.003,0.9043999910354614
AdamW,31,0.003,0.9010000228881836
AdamW,32,0.003,0.9046000242233276
AdamW,33,0.003,0.9020000100135803
AdamW,34,0.003,0.9075999855995178
AdamW,35,0.003,0.9071000218391418
AdamW,36,0.003,0.9086999893188477
AdamW,37,0.003,0.9106000065803528
AdamW,38,0.003,0.904699981212616
AdamW,39,0.003,0.9089999794960022
AdamW,40,0.003,0.9046000242233276
AdamW,1,0.004,0.83160001039505
AdamW,2,0.004,0.8435999751091003
AdamW,3,0.004,0.875
AdamW,4,0.004,0.8761000037193298
AdamW,5,0.004,0.8884000182151794
AdamW,6,0.004,0.8858000040054321
AdamW,7,0.004,0.8840000033378601
AdamW,8,0.004,0.8920999765396118
AdamW,9,0.004,0.8942999839782715
AdamW,10,0.004,0.8881000280380249
AdamW,11,0.004,0.8977000117301941
AdamW,12,0.004,0.8896999955177307
AdamW,13,0.004,0.8877000212669373
AdamW,14,0.004,0.890500009059906
AdamW,15,0.004,0.8791999816894531
AdamW,16,0.004,0.8970999717712402
AdamW,17,0.004,0.894599974155426
AdamW,18,0.004,0.89410001039505
AdamW,19,0.004,0.9002000093460083
AdamW,20,0.004,0.9006999731063843
AdamW,21,0.004,0.9009000062942505
AdamW,22,0.004,0.9014999866485596
AdamW,23,0.004,0.9000999927520752
AdamW,24,0.004,0.9023000001907349
AdamW,25,0.004,0.8991000056266785
AdamW,26,0.004,0.8956000208854675
AdamW,27,0.004,0.9039000272750854
AdamW,28,0.004,0.906499981880188
AdamW,29,0.004,0.9038000106811523
AdamW,30,0.004,0.9031000137329102
AdamW,31,0.004,0.8950999975204468
AdamW,32,0.004,0.906000018119812
AdamW,33,0.004,0.8944000005722046
AdamW,34,0.004,0.9041000008583069
AdamW,35,0.004,0.9043999910354614
AdamW,36,0.004,0.9009000062942505
AdamW,37,0.004,0.9039000272750854
AdamW,38,0.004,0.9004999995231628
AdamW,39,0.004,0.8996999859809875
AdamW,40,0.004,0.8992000222206116
AdamW,1,0.005,0.8398000001907349
AdamW,2,0.005,0.8495000004768372
AdamW,3,0.005,0.8636000156402588
AdamW,4,0.005,0.8758000135421753
AdamW,5,0.005,0.868399977684021
AdamW,6,0.005,0.8845999836921692
AdamW,7,0.005,0.8830999732017517
AdamW,8,0.005,0.8903999924659729
AdamW,9,0.005,0.8866000175476074
AdamW,10,0.005,0.8885999917984009
AdamW,11,0.005,0.8792999982833862
AdamW,12,0.005,0.8898000121116638
AdamW,13,0.005,0.8885999917984009
AdamW,14,0.005,0.8906000256538391
AdamW,15,0.005,0.8924999833106995
AdamW,16,0.005,0.8914999961853027
AdamW,17,0.005,0.8942000269889832
AdamW,18,0.005,0.8934000134468079
AdamW,19,0.005,0.8924000263214111
AdamW,20,0.005,0.8913999795913696
AdamW,21,0.005,0.894599974155426
AdamW,22,0.005,0.8870999813079834
AdamW,23,0.005,0.8888999819755554
AdamW,24,0.005,0.8967999815940857
AdamW,25,0.005,0.8952000141143799
AdamW,26,0.005,0.8984000086784363
AdamW,27,0.005,0.8891000151634216
AdamW,28,0.005,0.8963000178337097
AdamW,29,0.005,0.8934000134468079
AdamW,30,0.005,0.8938999772071838
AdamW,31,0.005,0.8930000066757202
AdamW,32,0.005,0.8891000151634216
AdamW,33,0.005,0.891700029373169
AdamW,34,0.005,0.8828999996185303
AdamW,35,0.005,0.8967999815940857
AdamW,36,0.005,0.8942999839782715
AdamW,37,0.005,0.8949000239372253
AdamW,38,0.005,0.8931999802589417
AdamW,39,0.005,0.8955000042915344
AdamW,40,0.005,0.8944000005722046
AdamW,1,0.006,0.8319000005722046
AdamW,2,0.006,0.8475000262260437
AdamW,3,0.006,0.8651999831199646
AdamW,4,0.006,0.8766000270843506
AdamW,5,0.006,0.8705999851226807
AdamW,6,0.006,0.8766999840736389
AdamW,7,0.006,0.8752999901771545
AdamW,8,0.006,0.866100013256073
AdamW,9,0.006,0.8866000175476074
AdamW,10,0.006,0.8877000212669373
AdamW,11,0.006,0.881600022315979
AdamW,12,0.006,0.8841000199317932
AdamW,13,0.006,0.8840000033378601
AdamW,14,0.006,0.8828999996185303
AdamW,15,0.006,0.8842999935150146
AdamW,16,0.006,0.8909000158309937
AdamW,17,0.006,0.871399998664856
AdamW,18,0.006,0.8801000118255615
AdamW,19,0.006,0.88919997215271
AdamW,20,0.006,0.883899986743927
AdamW,21,0.006,0.8899999856948853
AdamW,22,0.006,0.8895999789237976
AdamW,23,0.006,0.8931000232696533
AdamW,24,0.006,0.8910999894142151
AdamW,25,0.006,0.879800021648407
AdamW,26,0.006,0.8847000002861023
AdamW,27,0.006,0.8906999826431274
AdamW,28,0.006,0.8920000195503235
AdamW,29,0.006,0.8894000053405762
AdamW,30,0.006,0.8945000171661377
AdamW,31,0.006,0.8934000134468079
AdamW,32,0.006,0.8932999968528748
AdamW,33,0.006,0.887499988079071
AdamW,34,0.006,0.8928999900817871
AdamW,35,0.006,0.8930000066757202
AdamW,36,0.006,0.8835999965667725
AdamW,37,0.006,0.8881999850273132
AdamW,38,0.006,0.8873999714851379
AdamW,39,0.006,0.8960999846458435
AdamW,40,0.006,0.8891000151634216
AdamW,1,0.007,0.8353999853134155
AdamW,2,0.007,0.8495000004768372
AdamW,3,0.007,0.8590999841690063
AdamW,4,0.007,0.8666999936103821
AdamW,5,0.007,0.8748999834060669
AdamW,6,0.007,0.8810999989509583
AdamW,7,0.007,0.8747000098228455
AdamW,8,0.007,0.8809000253677368
AdamW,9,0.007,0.8788999915122986
AdamW,10,0.007,0.8788999915122986
AdamW,11,0.007,0.8657000064849854
AdamW,12,0.007,0.8823999762535095
AdamW,13,0.007,0.8867999911308289
AdamW,14,0.007,0.890500009059906
AdamW,15,0.007,0.8899999856948853
AdamW,16,0.007,0.882099986076355
AdamW,17,0.007,0.8871999979019165
AdamW,18,0.007,0.888700008392334
AdamW,19,0.007,0.8906000256538391
AdamW,20,0.007,0.8899000287055969
AdamW,21,0.007,0.879800021648407
AdamW,22,0.007,0.8840000033378601
AdamW,23,0.007,0.8751000165939331
AdamW,24,0.007,0.8844000101089478
AdamW,25,0.007,0.8925999999046326
AdamW,26,0.007,0.8928999900817871
AdamW,27,0.007,0.8881999850273132
AdamW,28,0.007,0.8888000249862671
AdamW,29,0.007,0.8884000182151794
AdamW,30,0.007,0.8935999870300293
AdamW,31,0.007,0.8888999819755554
AdamW,32,0.007,0.8888000249862671
AdamW,33,0.007,0.8834999799728394
AdamW,34,0.007,0.8779000043869019
AdamW,35,0.007,0.8912000060081482
AdamW,36,0.007,0.8931999802589417
AdamW,37,0.007,0.8909000158309937
AdamW,38,0.007,0.8931000232696533
AdamW,39,0.007,0.8919000029563904
AdamW,40,0.007,0.8859999775886536
AdamW,1,0.008,0.8339999914169312
AdamW,2,0.008,0.8521999716758728
AdamW,3,0.008,0.8568999767303467
AdamW,4,0.008,0.8468000292778015
AdamW,5,0.008,0.8684999942779541
AdamW,6,0.008,0.8637999892234802
AdamW,7,0.008,0.8647000193595886
AdamW,8,0.008,0.875
AdamW,9,0.008,0.8712000250816345
AdamW,10,0.008,0.8826000094413757
AdamW,11,0.008,0.8744000196456909
AdamW,12,0.008,0.8733999729156494
AdamW,13,0.008,0.8776000142097473
AdamW,14,0.008,0.8687999844551086
AdamW,15,0.008,0.871999979019165
AdamW,16,0.008,0.8743000030517578
AdamW,17,0.008,0.8784999847412109
AdamW,18,0.008,0.8805000185966492
AdamW,19,0.008,0.8737999796867371
AdamW,20,0.008,0.8755999803543091
AdamW,21,0.008,0.8823999762535095
AdamW,22,0.008,0.8817999958992004
AdamW,23,0.008,0.8827999830245972
AdamW,24,0.008,0.8751000165939331
AdamW,25,0.008,0.871999979019165
AdamW,26,0.008,0.885200023651123
AdamW,27,0.008,0.8672999739646912
AdamW,28,0.008,0.8794999718666077
AdamW,29,0.008,0.8858000040054321
AdamW,30,0.008,0.8817999958992004
AdamW,31,0.008,0.8815000057220459
AdamW,32,0.008,0.8842999935150146
AdamW,33,0.008,0.8883000016212463
AdamW,34,0.008,0.8781999945640564
AdamW,35,0.008,0.8823999762535095
AdamW,36,0.008,0.8747000098228455
AdamW,37,0.008,0.8805999755859375
AdamW,38,0.008,0.8827000260353088
AdamW,39,0.008,0.8788999915122986
AdamW,40,0.008,0.8810999989509583
AdamW,1,0.009000000000000001,0.8203999996185303
AdamW,2,0.009000000000000001,0.8471999764442444
AdamW,3,0.009000000000000001,0.8507000207901001
AdamW,4,0.009000000000000001,0.8428000211715698
AdamW,5,0.009000000000000001,0.8633999824523926
AdamW,6,0.009000000000000001,0.8514999747276306
AdamW,7,0.009000000000000001,0.8607000112533569
AdamW,8,0.009000000000000001,0.8654999732971191
AdamW,9,0.009000000000000001,0.8528000116348267
AdamW,10,0.009000000000000001,0.8648999929428101
AdamW,11,0.009000000000000001,0.8640999794006348
AdamW,12,0.009000000000000001,0.8666999936103821
AdamW,13,0.009000000000000001,0.8776000142097473
AdamW,14,0.009000000000000001,0.8615999817848206
AdamW,15,0.009000000000000001,0.876800000667572
AdamW,16,0.009000000000000001,0.8722000122070312
AdamW,17,0.009000000000000001,0.8737000226974487
AdamW,18,0.009000000000000001,0.859000027179718
AdamW,19,0.009000000000000001,0.8679999709129333
AdamW,20,0.009000000000000001,0.8799999952316284
AdamW,21,0.009000000000000001,0.8743000030517578
AdamW,22,0.009000000000000001,0.8694999814033508
AdamW,23,0.009000000000000001,0.8544999957084656
AdamW,24,0.009000000000000001,0.8770999908447266
AdamW,25,0.009000000000000001,0.8747000098228455
AdamW,26,0.009000000000000001,0.8664000034332275
AdamW,27,0.009000000000000001,0.8837000131607056
AdamW,28,0.009000000000000001,0.8822000026702881
AdamW,29,0.009000000000000001,0.8709999918937683
AdamW,30,0.009000000000000001,0.8687000274658203
AdamW,31,0.009000000000000001,0.8723000288009644
AdamW,32,0.009000000000000001,0.8744000196456909
AdamW,33,0.009000000000000001,0.8801000118255615
AdamW,34,0.009000000000000001,0.8794000148773193
AdamW,35,0.009000000000000001,0.8752999901771545
AdamW,36,0.009000000000000001,0.8708999752998352
AdamW,37,0.009000000000000001,0.880299985408783
AdamW,38,0.009000000000000001,0.8744000196456909
AdamW,39,0.009000000000000001,0.8738999962806702
AdamW,40,0.009000000000000001,0.8851000070571899
AdamW,1,0.01,0.8192999958992004
AdamW,2,0.01,0.8302000164985657
AdamW,3,0.01,0.8436999917030334
AdamW,4,0.01,0.8507000207901001
AdamW,5,0.01,0.8546000123023987
AdamW,6,0.01,0.8514000177383423
AdamW,7,0.01,0.8544999957084656
AdamW,8,0.01,0.8603000044822693
AdamW,9,0.01,0.8503000140190125
AdamW,10,0.01,0.84170001745224
AdamW,11,0.01,0.8572999835014343
AdamW,12,0.01,0.8537999987602234
AdamW,13,0.01,0.859000027179718
AdamW,14,0.01,0.8385999798774719
AdamW,15,0.01,0.8618000149726868
AdamW,16,0.01,0.8580999970436096
AdamW,17,0.01,0.8565999865531921
AdamW,18,0.01,0.8622000217437744
AdamW,19,0.01,0.85589998960495
AdamW,20,0.01,0.8636000156402588
AdamW,21,0.01,0.8658999800682068
AdamW,22,0.01,0.8622999787330627
AdamW,23,0.01,0.8626000285148621
AdamW,24,0.01,0.8596000075340271
AdamW,25,0.01,0.8564000129699707
AdamW,26,0.01,0.8636999726295471
AdamW,27,0.01,0.8664000034332275
AdamW,28,0.01,0.861299991607666
AdamW,29,0.01,0.8623999953269958
AdamW,30,0.01,0.8640000224113464
AdamW,31,0.01,0.8672999739646912
AdamW,32,0.01,0.8662999868392944
AdamW,33,0.01,0.8644000291824341
AdamW,34,0.01,0.8697999715805054
AdamW,35,0.01,0.8572999835014343
AdamW,36,0.01,0.8680999875068665
AdamW,37,0.01,0.8615999817848206
AdamW,38,0.01,0.869700014591217
AdamW,39,0.01,0.8610000014305115
AdamW,40,0.01,0.8604999780654907
AdamW,1,0.02,0.7688000202178955
AdamW,2,0.02,0.7684000134468079
AdamW,3,0.02,0.7810999751091003
AdamW,4,0.02,0.7692000269889832
AdamW,5,0.02,0.7703999876976013
AdamW,6,0.02,0.7813000082969666
AdamW,7,0.02,0.7839999794960022
AdamW,8,0.02,0.7838000059127808
AdamW,9,0.02,0.7828999757766724
AdamW,10,0.02,0.7821999788284302
AdamW,11,0.02,0.7689999938011169
AdamW,12,0.02,0.7814000248908997
AdamW,13,0.02,0.7800999879837036
AdamW,14,0.02,0.7910000085830688
AdamW,15,0.02,0.7871999740600586
AdamW,16,0.02,0.7853999733924866
AdamW,17,0.02,0.7746999859809875
AdamW,18,0.02,0.7878999710083008
AdamW,19,0.02,0.782800018787384
AdamW,20,0.02,0.7853000164031982
AdamW,21,0.02,0.7850000262260437
AdamW,22,0.02,0.7717999815940857
AdamW,23,0.02,0.7865999937057495
AdamW,24,0.02,0.79339998960495
AdamW,25,0.02,0.786300003528595
AdamW,26,0.02,0.7795000076293945
AdamW,27,0.02,0.796500027179718
AdamW,28,0.02,0.7922000288963318
AdamW,29,0.02,0.7904000282287598
AdamW,30,0.02,0.7947999835014343
AdamW,31,0.02,0.7940000295639038
AdamW,32,0.02,0.7930999994277954
AdamW,33,0.02,0.789900004863739
AdamW,34,0.02,0.791100025177002
AdamW,35,0.02,0.784500002861023
AdamW,36,0.02,0.7860999703407288
AdamW,37,0.02,0.7896999716758728
AdamW,38,0.02,0.7961000204086304
AdamW,1,0.03,0.10000000149011612
AdamW,2,0.03,0.10000000149011612
AdamW,3,0.03,0.10000000149011612
AdamW,4,0.03,0.10000000149011612
AdamW,5,0.03,0.10000000149011612
AdamW,6,0.03,0.10000000149011612
AdamW,7,0.03,0.10000000149011612
AdamW,8,0.03,0.10000000149011612
AdamW,9,0.03,0.10000000149011612
AdamW,10,0.03,0.10000000149011612
AdamW,11,0.03,0.10000000149011612
AdamW,12,0.03,0.10000000149011612
AdamW,13,0.03,0.10000000149011612
AdamW,14,0.03,0.10000000149011612
AdamW,15,0.03,0.10000000149011612
AdamW,16,0.03,0.10000000149011612
AdamW,17,0.03,0.10000000149011612
AdamW,18,0.03,0.10000000149011612
AdamW,19,0.03,0.10000000149011612
AdamW,20,0.03,0.10000000149011612
AdamW,21,0.03,0.10000000149011612
AdamW,22,0.03,0.10000000149011612
AdamW,23,0.03,0.10000000149011612
AdamW,24,0.03,0.10000000149011612
AdamW,25,0.03,0.10000000149011612
AdamW,26,0.03,0.10000000149011612
AdamW,27,0.03,0.10000000149011612
AdamW,28,0.03,0.10000000149011612
AdamW,29,0.03,0.10000000149011612
AdamW,30,0.03,0.10000000149011612
AdamW,31,0.03,0.10000000149011612
AdamW,1,0.039999999999999994,0.6144000291824341
AdamW,2,0.039999999999999994,0.5939000248908997
AdamW,3,0.039999999999999994,0.5922999978065491
AdamW,4,0.039999999999999994,0.6227999925613403
AdamW,5,0.039999999999999994,0.623199999332428
AdamW,6,0.039999999999999994,0.6265000104904175
AdamW,7,0.039999999999999994,0.6272000074386597
AdamW,8,0.039999999999999994,0.6474999785423279
AdamW,9,0.039999999999999994,0.6603999733924866
AdamW,10,0.039999999999999994,0.6492999792098999
AdamW,11,0.039999999999999994,0.6290000081062317
AdamW,12,0.039999999999999994,0.6383000016212463
AdamW,13,0.039999999999999994,0.649399995803833
AdamW,14,0.039999999999999994,0.6822999715805054
AdamW,15,0.039999999999999994,0.6601999998092651
AdamW,16,0.039999999999999994,0.6625999808311462
AdamW,17,0.039999999999999994,0.657800018787384
AdamW,18,0.039999999999999994,0.6543999910354614
AdamW,19,0.039999999999999994,0.6500999927520752
AdamW,20,0.039999999999999994,0.6517999768257141
AdamW,21,0.039999999999999994,0.657800018787384
AdamW,22,0.039999999999999994,0.6547999978065491
AdamW,23,0.039999999999999994,0.6583999991416931
AdamW,24,0.039999999999999994,0.646399974822998
AdamW,25,0.039999999999999994,0.6292999982833862
AdamW,26,0.039999999999999994,0.6776999831199646
AdamW,27,0.039999999999999994,0.6579999923706055
AdamW,28,0.039999999999999994,0.6714000105857849
AdamW,29,0.039999999999999994,0.6606000065803528
AdamW,30,0.039999999999999994,0.6614000201225281
AdamW,31,0.039999999999999994,0.6773999929428101
AdamW,32,0.039999999999999994,0.6491000056266785
AdamW,33,0.039999999999999994,0.6541000008583069
AdamW,34,0.039999999999999994,0.6471999883651733
AdamW,35,0.039999999999999994,0.6468999981880188
AdamW,36,0.039999999999999994,0.597100019454956
AdamW,37,0.039999999999999994,0.6583999991416931
AdamW,38,0.039999999999999994,0.6661999821662903
AdamW,39,0.039999999999999994,0.6525999903678894
AdamW,40,0.039999999999999994,0.6500999927520752
AdamW,1,0.049999999999999996,0.10000000149011612
AdamW,2,0.049999999999999996,0.10000000149011612
AdamW,3,0.049999999999999996,0.10000000149011612
AdamW,4,0.049999999999999996,0.10000000149011612
AdamW,5,0.049999999999999996,0.10000000149011612
AdamW,6,0.049999999999999996,0.10000000149011612
AdamW,7,0.049999999999999996,0.10000000149011612
AdamW,8,0.049999999999999996,0.10000000149011612
AdamW,9,0.049999999999999996,0.10000000149011612
AdamW,10,0.049999999999999996,0.10000000149011612
AdamW,11,0.049999999999999996,0.10000000149011612
AdamW,12,0.049999999999999996,0.10000000149011612
AdamW,13,0.049999999999999996,0.10000000149011612
AdamW,14,0.049999999999999996,0.10000000149011612
AdamW,15,0.049999999999999996,0.10000000149011612
AdamW,16,0.049999999999999996,0.10000000149011612
AdamW,17,0.049999999999999996,0.10000000149011612
AdamW,18,0.049999999999999996,0.10000000149011612
AdamW,19,0.049999999999999996,0.10000000149011612
AdamW,20,0.049999999999999996,0.10000000149011612
AdamW,21,0.049999999999999996,0.10000000149011612
AdamW,22,0.049999999999999996,0.10000000149011612
AdamW,23,0.049999999999999996,0.10000000149011612
AdamW,1,0.06,0.10000000149011612
AdamW,2,0.06,0.10000000149011612
AdamW,3,0.06,0.10000000149011612
AdamW,4,0.06,0.10000000149011612
AdamW,5,0.06,0.10000000149011612
AdamW,6,0.06,0.10000000149011612
AdamW,7,0.06,0.10000000149011612
AdamW,8,0.06,0.10000000149011612
AdamW,9,0.06,0.10000000149011612
AdamW,10,0.06,0.10000000149011612
AdamW,11,0.06,0.10000000149011612
AdamW,12,0.06,0.10000000149011612
AdamW,13,0.06,0.10000000149011612
AdamW,14,0.06,0.10000000149011612
AdamW,15,0.06,0.10000000149011612
AdamW,16,0.06,0.10000000149011612
AdamW,17,0.06,0.10000000149011612
AdamW,18,0.06,0.10000000149011612
AdamW,19,0.06,0.10000000149011612
AdamW,20,0.06,0.10000000149011612
AdamW,21,0.06,0.10000000149011612
AdamW,22,0.06,0.10000000149011612
AdamW,23,0.06,0.10000000149011612
AdamW,24,0.06,0.10000000149011612
AdamW,25,0.06,0.10000000149011612
AdamW,26,0.06,0.10000000149011612
AdamW,27,0.06,0.10000000149011612
AdamW,28,0.06,0.10000000149011612
AdamW,29,0.06,0.10000000149011612
AdamW,30,0.06,0.10000000149011612
AdamW,31,0.06,0.10000000149011612
AdamW,32,0.06,0.10000000149011612
AdamW,33,0.06,0.10000000149011612
AdamW,34,0.06,0.10000000149011612
AdamW,35,0.06,0.10000000149011612
AdamW,36,0.06,0.10000000149011612
AdamW,37,0.06,0.10000000149011612
AdamW,38,0.06,0.10000000149011612
AdamW,39,0.06,0.10000000149011612
AdamW,40,0.06,0.10000000149011612
AdamW,1,0.06999999999999999,0.487199991941452
AdamW,2,0.06999999999999999,0.5957000255584717
AdamW,3,0.06999999999999999,0.5055999755859375
AdamW,4,0.06999999999999999,0.5910000205039978
AdamW,5,0.06999999999999999,0.5782999992370605
AdamW,6,0.06999999999999999,0.5651999711990356
AdamW,7,0.06999999999999999,0.5605000257492065
AdamW,8,0.06999999999999999,0.5572999715805054
AdamW,9,0.06999999999999999,0.5831000208854675
AdamW,10,0.06999999999999999,0.5852000117301941
AdamW,11,0.06999999999999999,0.5217999815940857
AdamW,12,0.06999999999999999,0.4973999857902527
AdamW,13,0.06999999999999999,0.5965999960899353
AdamW,14,0.06999999999999999,0.44429999589920044
AdamW,15,0.06999999999999999,0.525600016117096
AdamW,16,0.06999999999999999,0.5782999992370605
AdamW,17,0.06999999999999999,0.5630000233650208
AdamW,18,0.06999999999999999,0.5722000002861023
AdamW,19,0.06999999999999999,0.6229000091552734
AdamW,20,0.06999999999999999,0.5787000060081482
AdamW,21,0.06999999999999999,0.569599986076355
AdamW,22,0.06999999999999999,0.5404000282287598
AdamW,23,0.06999999999999999,0.5424000024795532
AdamW,24,0.06999999999999999,0.5515000224113464
AdamW,1,0.07999999999999999,0.4196000099182129
AdamW,2,0.07999999999999999,0.4602999985218048
AdamW,3,0.07999999999999999,0.4715000092983246
AdamW,4,0.07999999999999999,0.25600001215934753
AdamW,5,0.07999999999999999,0.4120999872684479
AdamW,6,0.07999999999999999,0.3952000141143799
AdamW,7,0.07999999999999999,0.334199994802475
AdamW,8,0.07999999999999999,0.35339999198913574
AdamW,9,0.07999999999999999,0.36500000953674316
AdamW,10,0.07999999999999999,0.41040000319480896
AdamW,11,0.07999999999999999,0.34200000762939453
AdamW,12,0.07999999999999999,0.34630000591278076
AdamW,13,0.07999999999999999,0.4343000054359436
AdamW,14,0.07999999999999999,0.37610000371932983
AdamW,15,0.07999999999999999,0.39500001072883606
AdamW,16,0.07999999999999999,0.357699990272522
AdamW,17,0.07999999999999999,0.3978999853134155
AdamW,18,0.07999999999999999,0.3937000036239624
AdamW,19,0.07999999999999999,0.4569999873638153
AdamW,20,0.07999999999999999,0.34850001335144043
AdamW,21,0.07999999999999999,0.3921999931335449
AdamW,22,0.07999999999999999,0.3797000050544739
AdamW,23,0.07999999999999999,0.430400013923645
AdamW,1,0.09,0.10000000149011612
AdamW,2,0.09,0.10000000149011612
AdamW,3,0.09,0.10000000149011612
AdamW,4,0.09,0.10000000149011612
AdamW,5,0.09,0.10000000149011612
AdamW,6,0.09,0.10000000149011612
AdamW,7,0.09,0.10000000149011612
AdamW,8,0.09,0.10000000149011612
AdamW,9,0.09,0.10000000149011612
AdamW,10,0.09,0.10000000149011612
AdamW,11,0.09,0.10000000149011612
AdamW,12,0.09,0.10000000149011612
AdamW,13,0.09,0.10000000149011612
AdamW,14,0.09,0.10000000149011612
AdamW,15,0.09,0.10000000149011612
AdamW,16,0.09,0.10000000149011612
AdamW,17,0.09,0.10000000149011612
AdamW,18,0.09,0.10000000149011612
AdamW,19,0.09,0.10000000149011612
AdamW,20,0.09,0.10000000149011612
AdamW,21,0.09,0.10000000149011612
AdamW,22,0.09,0.10000000149011612
AdamW,23,0.09,0.10000000149011612
AdamW,24,0.09,0.10000000149011612
AdamW,25,0.09,0.10000000149011612
AdamW,26,0.09,0.10000000149011612
AdamW,27,0.09,0.10000000149011612
AdamW,28,0.09,0.10000000149011612
AdamW,29,0.09,0.10000000149011612
AdamW,30,0.09,0.10000000149011612
AdamW,31,0.09,0.10000000149011612
AdamW,32,0.09,0.10000000149011612
AdamW,33,0.09,0.10000000149011612
AdamW,34,0.09,0.10000000149011612
AdamW,1,0.09999999999999999,0.10000000149011612
AdamW,2,0.09999999999999999,0.10000000149011612
AdamW,3,0.09999999999999999,0.10000000149011612
AdamW,4,0.09999999999999999,0.10000000149011612
AdamW,5,0.09999999999999999,0.10000000149011612
AdamW,6,0.09999999999999999,0.10000000149011612
AdamW,7,0.09999999999999999,0.10000000149011612
AdamW,8,0.09999999999999999,0.10000000149011612
AdamW,9,0.09999999999999999,0.10000000149011612
AdamW,10,0.09999999999999999,0.10000000149011612
AdamW,11,0.09999999999999999,0.10000000149011612
AdamW,12,0.09999999999999999,0.10000000149011612
AdamW,13,0.09999999999999999,0.10000000149011612
AdamW,14,0.09999999999999999,0.10000000149011612
AdamW,15,0.09999999999999999,0.10000000149011612
AdamW,16,0.09999999999999999,0.10000000149011612
AdamW,17,0.09999999999999999,0.10000000149011612
AdamW,18,0.09999999999999999,0.10000000149011612
AdamW,19,0.09999999999999999,0.10000000149011612
AdamW,20,0.09999999999999999,0.10000000149011612
AdamW,21,0.09999999999999999,0.10000000149011612
AdamW,22,0.09999999999999999,0.10000000149011612
AdamW,23,0.09999999999999999,0.10000000149011612
AdamW,24,0.09999999999999999,0.10000000149011612
AdamW,25,0.09999999999999999,0.10000000149011612
AdamW,26,0.09999999999999999,0.10000000149011612
AdamW,27,0.09999999999999999,0.10000000149011612
AdamW,28,0.09999999999999999,0.10000000149011612
AdamW,29,0.09999999999999999,0.10000000149011612
AdamW,30,0.09999999999999999,0.10000000149011612
AdamW,31,0.09999999999999999,0.10000000149011612
AdamW,32,0.09999999999999999,0.10000000149011612
AdamW,33,0.09999999999999999,0.10000000149011612
AdamW,34,0.09999999999999999,0.10000000149011612
AdamW,35,0.09999999999999999,0.10000000149011612
AdamW,36,0.09999999999999999,0.10000000149011612
AdamW,37,0.09999999999999999,0.10000000149011612
AdamW,38,0.09999999999999999,0.10000000149011612
AdamW,39,0.09999999999999999,0.10000000149011612
AdamW,40,0.09999999999999999,0.10000000149011612
